cp,asentamiento,tipo_asentamiento,municipio,estado,ciudad,zona
37000,Centro,Colonia,León,Guanajuato,León de los Aldama,Urbano
37004,San Juan de Dios,Barrio,León,Guanajuato,León de los Aldama,Urbano
37010,Luz María Díaz Infante,Colonia,León,Guanajuato,León de los Aldama,Urbano
37020,Francisco Lozornio,Colonia,León,Guanajuato,León de los Aldama,Urbano
37020,Acrópolis,Colonia,León,Guanajuato,León de los Aldama,Urbano
37020,Andrade,Colonia,León,Guanajuato,León de los Aldama,Urbano
37020,Tepeyac,Colonia,León,Guanajuato,León de los Aldama,Urbano
37100,El Tecotán,Colonia,León,Guanajuato,León de los Aldama,Urbano
37100,Rinconada de Echeveste,Fraccionamiento,León,Guanajuato,León de los Aldama,Urbano
37100,Brisas de Echeveste,Fraccionamiento,León,Guanajuato,León de los Aldama,Urbano
37100,Los Mezquites,Fraccionamiento,León,Guanajuato,León de los Aldama,Urbano
37100,San Pedrito Echeveste,Colonia,León,Guanajuato,León de los Aldama,Urbano
37100,Canteritas de Echeveste,Colonia,León,Guanajuato,León de los Aldama,Urbano
37100,Echeveste Norte,Colonia,León,Guanajuato,León de los Aldama,Urbano
37100,Granjas Echeveste,Colonia,León,Guanajuato,León de los Aldama,Urbano
37100,Hacienda Echeveste,Colonia,León,Guanajuato,León de los Aldama,Urbano
37100,Jardines de Echeveste,Colonia,León,Guanajuato,León de los Aldama,Urbano
37100,Privada Echeveste,Fraccionamiento,León,Guanajuato,León de los Aldama,Urbano
37100,Rivera de La Presa,Colonia,León,Guanajuato,León de los Aldama,Urbano
37100,Villas de Echeveste,Colonia,León,Guanajuato,León de los Aldama,Urbano
37100,Echeveste 2000,Colonia,León,Guanajuato,León de los Aldama,Urbano
37100,Pedregales de Echeveste,Fraccionamiento,León,Guanajuato,León de los Aldama,Urbano
37100,Portales de La Arboleda,Colonia,León,Guanajuato,León de los Aldama,Urbano
37100,El Palmar,Colonia,León,Guanajuato,León de los Aldama,Urbano
37100,La Marina,Fraccionamiento,León,Guanajuato,León de los Aldama,Urbano
37100,Villa la Rioja,Fraccionamiento,León,Guanajuato,León de los Aldama,Urbano
37104,Rivera de La Presa Country,Fraccionamiento,León,Guanajuato,León de los Aldama,Urbano
37105,Santa Cecilia,Fraccionamiento,León,Guanajuato,León de los Aldama,Urbano
37105,Santa Cecilia II,Fraccionamiento,León,Guanajuato,León de los Aldama,Urbano
37105,Solidaridad Leonesa (pedregal),Colonia,León,Guanajuato,León de los Aldama,Urbano
37105,Lomas de La Presa,Colonia,León,Guanajuato,León de los Aldama,Urbano
37106,La Lagunita,Fraccionamiento,León,Guanajuato,León de los Aldama,Urbano
37107,Luz de la Presa,Fraccionamiento,León,Guanajuato,León de los Aldama,Urbano
37107,Provincia Castell,Fraccionamiento,León,Guanajuato,León de los Aldama,Urbano
37107,Valle de Los Castillos,Fraccionamiento,León,Guanajuato,León de los Aldama,Urbano
37107,Las Arrayanes II,Colonia,León,Guanajuato,León de los Aldama,Urbano
37107,Quinta los Castillos,Colonia,León,Guanajuato,León de los Aldama,Urbano
37107,Balcones de la Presa,Fraccionamiento,León,Guanajuato,León de los Aldama,Urbano
37108,Torres de la Presa,Condominio,León,Guanajuato,León de los Aldama,Urbano
37108,Valle Hermoso,Colonia,León,Guanajuato,León de los Aldama,Urbano
37108,San Nicolás del Palote,Colonia,León,Guanajuato,León de los Aldama,Urbano
37109,Villas del Pedregal,Fraccionamiento,León,Guanajuato,León de los Aldama,Urbano
37109,Balcones Tulipanes,Colonia,León,Guanajuato,León de los Aldama,Urbano
37109,El Potrero,Fraccionamiento,León,Guanajuato,León de los Aldama,Urbano
37109,La Noria,Colonia,León,Guanajuato,León de los Aldama,Urbano
37109,La Pradera,Colonia,León,Guanajuato,León de los Aldama,Urbano
37109,Las Tiritas,Fraccionamiento,León,Guanajuato,León de los Aldama,Urbano
37109,La Norteña,Colonia,León,Guanajuato,León de los Aldama,Urbano
37109,Popular Maya,Fraccionamiento,León,Guanajuato,León de los Aldama,Urbano
37109,Rustico Norteña,Colonia,León,Guanajuato,León de los Aldama,Urbano
37109,El Parador,Colonia,León,Guanajuato,León de los Aldama,Urbano
37109,Alameda de La Presa,Fraccionamiento,León,Guanajuato,León de los Aldama,Urbano
37109,Los Colorines,Colonia,León,Guanajuato,León de los Aldama,Urbano
37109,El Pochote,Colonia,León,Guanajuato,León de los Aldama,Urbano
37109,Villas de La Presa,Fraccionamiento,León,Guanajuato,León de los Aldama,Urbano
37109,Arboledas de Los Castillos I,Colonia,León,Guanajuato,León de los Aldama,Urbano
37109,Residencial Campo Palmyra,Fraccionamiento,León,Guanajuato,León de los Aldama,Urbano
37109,Jardines de la Presa,Colonia,León,Guanajuato,León de los Aldama,Urbano
37109,Luz del Parque,Fraccionamiento,León,Guanajuato,León de los Aldama,Urbano
37110,Ciudad Aurora,Colonia,León,Guanajuato,León de los Aldama,Urbano
37118,Paseo de las Moras,Fraccionamiento,León,Guanajuato,León de los Aldama,Urbano
37118,Hernández Rougon,Conjunto habitacional,León,Guanajuato,León de los Aldama,Urbano
37118,Jardines del Valle,Colonia,León,Guanajuato,León de los Aldama,Urbano
37118,Las Águilas,Colonia,León,Guanajuato,León de los Aldama,Urbano
37119,El Peluchan,Colonia,León,Guanajuato,León de los Aldama,Urbano
37120,Casa de Piedra,Zona comercial,León,Guanajuato,León de los Aldama,Urbano
37120,Plaza Mayor,Zona comercial,León,Guanajuato,León de los Aldama,Urbano
37120,Residencial Club Campestre,Fraccionamiento,León,Guanajuato,León de los Aldama,Urbano
37120,La Medalla,Colonia,León,Guanajuato,León de los Aldama,Urbano
37120,Rancho La Florida,Colonia,León,Guanajuato,León de los Aldama,Urbano
37120,Torres de Country,Unidad habitacional,León,Guanajuato,León de los Aldama,Urbano
37123,Bosques del Refugio,Colonia,León,Guanajuato,León de los Aldama,Urbano
37125,Residencial Puertas de la Alborada,Fraccionamiento,León,Guanajuato,León de los Aldama,Urbano
37125,Bosques del Campestre,Fraccionamiento,León,Guanajuato,León de los Aldama,Urbano
37125,Residencial del Moral,Fraccionamiento,León,Guanajuato,León de los Aldama,Urbano
37125,El Rosario,Fraccionamiento,León,Guanajuato,León de los Aldama,Urbano
37125,Fracciones del Rosario,Colonia,León,Guanajuato,León de los Aldama,Urbano
37125,Lagos del Campestre,Fraccionamiento,León,Guanajuato,León de los Aldama,Urbano
37125,Las Quintas,Fraccionamiento,León,Guanajuato,León de los Aldama,Urbano
37125,Marfil,Conjunto habitacional,León,Guanajuato,León de los Aldama,Urbano
37125,El Campanario,Conjunto habitacional,León,Guanajuato,León de los Aldama,Urbano
37125,Los Sauces del Moral,Colonia,León,Guanajuato,León de los Aldama,Urbano
37125,Torres Metrópoli,Conjunto habitacional,León,Guanajuato,León de los Aldama,Urbano
37125,Puertas de La Alborada,Fraccionamiento,León,Guanajuato,León de los Aldama,Urbano
37125,Entre dos Aguas,Fraccionamiento,León,Guanajuato,León de los Aldama,Urbano
37128,Los Alpes Residencial,Fraccionamiento,León,Guanajuato,León de los Aldama,Urbano
37128,Pirules Residencial,Fraccionamiento,León,Guanajuato,León de los Aldama,Urbano
37128,San José de las Piletas,Colonia,León,Guanajuato,León de los Aldama,Urbano
37128,Cumbres del Campestre,Fraccionamiento,León,Guanajuato,León de los Aldama,Urbano
37128,Jardines del Campestre,Colonia,León,Guanajuato,León de los Aldama,Urbano
37128,Real Campestre,Fraccionamiento,León,Guanajuato,León de los Aldama,Urbano
37128,Señora Frausto,Colonia,León,Guanajuato,León de los Aldama,Urbano
37128,Punta Campestre,Colonia,León,Guanajuato,León de los Aldama,Urbano
37128,Torre Cumbres,Conjunto habitacional,León,Guanajuato,León de los Aldama,Urbano
37128,Misión La Cañada,Fraccionamiento,León,Guanajuato,León de los Aldama,Urbano
37129,Villas del Campestre,Colonia,León,Guanajuato,León de los Aldama,Urbano
37130,El Palote,Colonia,León,Guanajuato,León de los Aldama,Urbano
37130,Granjas El Palote,Colonia,León,Guanajuato,León de los Aldama,Urbano
37130,Granjas del Rosario,Colonia,León,Guanajuato,León de los Aldama,Urbano
37134,Country Club Gran Jardín,Fraccionamiento,León,Guanajuato,León de los Aldama,Urbano
37134,Porta Toscana,Fraccionamiento,León,Guanajuato,León de los Aldama,Urbano
37134,Porta Fontana,Colonia,León,Guanajuato,León de los Aldama,Urbano
37134,Lomas de Gran Jardín,Colonia,León,Guanajuato,León de los Aldama,Urbano
37134,Colinas de Gran Jardín,Colonia,León,Guanajuato,León de los Aldama,Urbano
37138,Portones del Gran Jardín,Fraccionamiento,León,Guanajuato,León de los Aldama,Urbano
37138,Bosque Azul,Fraccionamiento,León,Guanajuato,León de los Aldama,Urbano
37138,Zanda,Fraccionamiento,León,Guanajuato,León de los Aldama,Urbano
37138,Balcones del Campestre,Colonia,León,Guanajuato,León de los Aldama,Urbano
37138,Portones del Campestre,Colonia,León,Guanajuato,León de los Aldama,Urbano
37138,Rincón del Campestre,Colonia,León,Guanajuato,León de los Aldama,Urbano
37138,Gran Jardín,Colonia,León,Guanajuato,León de los Aldama,Urbano
37138,Mirador de Gran Jardín,Colonia,León,Guanajuato,León de los Aldama,Urbano
37138,El Molino Residencial y Golf,Fraccionamiento,León,Guanajuato,León de los Aldama,Urbano
37140,La Virgen,Fraccionamiento,León,Guanajuato,León de los Aldama,Urbano
37140,Tablas de La Virgen,Colonia,León,Guanajuato,León de los Aldama,Urbano
37140,Valle de León,Colonia,León,Guanajuato,León de los Aldama,Urbano
37147,Industrial Hidalgo,Zona industrial,León,Guanajuato,León de los Aldama,Urbano
37148,Conjunto habitacional Los Nogales,Fraccionamiento,León,Guanajuato,León de los Aldama,Urbano
37148,San Jerónimo II,Colonia,León,Guanajuato,León de los Aldama,Urbano
37148,Fracciones de Los Gómez,Colonia,León,Guanajuato,León de los Aldama,Urbano
37149,Los Cedros,Colonia,León,Guanajuato,León de los Aldama,Urbano
37149,Valle del Sol,Colonia,León,Guanajuato,León de los Aldama,Urbano
37150,Cañada del Campestre,Colonia,León,Guanajuato,León de los Aldama,Urbano
37150,Lomas del Campestre,Colonia,León,Guanajuato,León de los Aldama,Urbano
37150,Valle del Campestre,Colonia,León,Guanajuato,León de los Aldama,Urbano
37156,El Refugio Campestre,Fraccionamiento,León,Guanajuato,León de los Aldama,Urbano
37156,El Mirador Campestre,Colonia,León,Guanajuato,León de los Aldama,Urbano
37157,La Loma,Fraccionamiento,León,Guanajuato,León de los Aldama,Urbano
37157,El Pueblito del Campestre,Conjunto habitacional,León,Guanajuato,León de los Aldama,Urbano
37157,Residencial La Lluvia,Fraccionamiento,León,Guanajuato,León de los Aldama,Urbano
37157,Residencial Brisas,Fraccionamiento,León,Guanajuato,León de los Aldama,Urbano
37157,Lomas del Sol,Colonia,León,Guanajuato,León de los Aldama,Urbano
37160,Jardines del Moral,Fraccionamiento,León,Guanajuato,León de los Aldama,Urbano
37160,Panorama,Fraccionamiento,León,Guanajuato,León de los Aldama,Urbano
37160,Villas del Moral,Colonia,León,Guanajuato,León de los Aldama,Urbano
37160,Del Rocío,Conjunto habitacional,León,Guanajuato,León de los Aldama,Urbano
37168,Insurgentes,Zona comercial,León,Guanajuato,León de los Aldama,Urbano
37170,Casa Blanca,Colonia,León,Guanajuato,León de los Aldama,Urbano
37170,El Palote Sur Fracciones,Colonia,León,Guanajuato,León de los Aldama,Urbano
37170,Fracciones del Palote,Colonia,León,Guanajuato,León de los Aldama,Urbano
37170,Hacienda del Campestre,Colonia,León,Guanajuato,León de los Aldama,Urbano
37170,La Herradura,Colonia,León,Guanajuato,León de los Aldama,Urbano
37170,Portones del Moral,Colonia,León,Guanajuato,León de los Aldama,Urbano
37170,Torres del Lago,Conjunto habitacional,León,Guanajuato,León de los Aldama,Urbano
37170,Julián Carrillo,Conjunto habitacional,León,Guanajuato,León de los Aldama,Urbano
37170,Residencial El Mezquite,Fraccionamiento,León,Guanajuato,León de los Aldama,Urbano
37170,Bosques de los Cedros,Fraccionamiento,León,Guanajuato,León de los Aldama,Urbano
37170,La Antiqua,Colonia,León,Guanajuato,León de los Aldama,Urbano
37170,Los Carcamos,Fraccionamiento,León,Guanajuato,León de los Aldama,Urbano
37170,Arcos Antiqua,Colonia,León,Guanajuato,León de los Aldama,Urbano
37170,Pedregal del Campestre,Fraccionamiento,León,Guanajuato,León de los Aldama,Urbano
37178,Valle Jacarandas,Colonia,León,Guanajuato,León de los Aldama,Urbano
37178,La Hacienda,Unidad habitacional,León,Guanajuato,León de los Aldama,Urbano
37178,La Puerta de Hierro,Fraccionamiento,León,Guanajuato,León de los Aldama,Urbano
37178,Real de Camelinas,Fraccionamiento,León,Guanajuato,León de los Aldama,Urbano
37178,Real del Bosque,Fraccionamiento,León,Guanajuato,León de los Aldama,Urbano
37178,Valle del Moral,Colonia,León,Guanajuato,León de los Aldama,Urbano
37178,Real de Bugambilias,Colonia,León,Guanajuato,León de los Aldama,Urbano
37178,Paseos del Bosque,Fraccionamiento,León,Guanajuato,León de los Aldama,Urbano
37178,La Cantera,Fraccionamiento,León,Guanajuato,León de los Aldama,Urbano
37179,Las Mansiones Residencial,Fraccionamiento,León,Guanajuato,León de los Aldama,Urbano
37179,Las Alamedas,Fraccionamiento,León,Guanajuato,León de los Aldama,Urbano
37179,Fincas Sayavedra,Fraccionamiento,León,Guanajuato,León de los Aldama,Urbano
37179,La Esperanza,Conjunto habitacional,León,Guanajuato,León de los Aldama,Urbano
37179,La Placita,Unidad habitacional,León,Guanajuato,León de los Aldama,Urbano
37179,San Cristóbal,Condominio,León,Guanajuato,León de los Aldama,Urbano
37179,Unidad Obrera INFONAVIT,Unidad habitacional,León,Guanajuato,León de los Aldama,Urbano
37179,Bosques de La Presa,Colonia,León,Guanajuato,León de los Aldama,Urbano
37179,Haciendas del Carmen,Colonia,León,Guanajuato,León de los Aldama,Urbano
37179,Misión de La Presa,Colonia,León,Guanajuato,León de los Aldama,Urbano
37179,Rinconada del Bosque,Fraccionamiento,León,Guanajuato,León de los Aldama,Urbano
37179,Residencial Verandas,Fraccionamiento,León,Guanajuato,León de los Aldama,Urbano
37179,Haciendas del Carmen II,Fraccionamiento,León,Guanajuato,León de los Aldama,Urbano
37180,La Margarita,Colonia,León,Guanajuato,León de los Aldama,Urbano
37180,Futurama Monterrey,Colonia,León,Guanajuato,León de los Aldama,Urbano
37180,Peñitas,Colonia,León,Guanajuato,León de los Aldama,Urbano
37180,El Juncal,Colonia,León,Guanajuato,León de los Aldama,Urbano
37187,Privada del Moral,Fraccionamiento,León,Guanajuato,León de los Aldama,Urbano
37188,El Trianon,Colonia,León,Guanajuato,León de los Aldama,Urbano
37189,Ford del Campestre,Colonia,León,Guanajuato,León de los Aldama,Urbano
37190,Héroes de Chapultepec,Colonia,León,Guanajuato,León de los Aldama,Urbano
37190,La Florida,Colonia,León,Guanajuato,León de los Aldama,Urbano
37199,Rincón de La Florida,Colonia,León,Guanajuato,León de los Aldama,Urbano
37200,Tres Cantos,Fraccionamiento,León,Guanajuato,León de los Aldama,Urbano
37200,Punta Nogal Morelos,Fraccionamiento,León,Guanajuato,León de los Aldama,Urbano
37200,Aria Boscaje Residencial,Fraccionamiento,León,Guanajuato,León de los Aldama,Urbano
37200,Arboledas de Ibarrilla,Colonia,León,Guanajuato,León de los Aldama,Urbano
37200,Industrial del Norte,Zona industrial,León,Guanajuato,León de los Aldama,Urbano
37200,Jardines del Bosque,Colonia,León,Guanajuato,León de los Aldama,Urbano
37200,San José del Consuelo,Colonia,León,Guanajuato,León de los Aldama,Urbano
37200,Arboledas del Valle,Fraccionamiento,León,Guanajuato,León de los Aldama,Urbano
37204,Villafranca Residencial,Fraccionamiento,León,Guanajuato,León de los Aldama,Urbano
37204,Cibeles,Fraccionamiento,León,Guanajuato,León de los Aldama,Urbano
37204,Alamedas de Alcázar,Fraccionamiento,León,Guanajuato,León de los Aldama,Urbano
37204,Alamedas de Villafranca Residencial,Fraccionamiento,León,Guanajuato,León de los Aldama,Urbano
37204,La Alameda,Fraccionamiento,León,Guanajuato,León de los Aldama,Urbano
37204,Plaza Hidalgo,Fraccionamiento,León,Guanajuato,León de los Aldama,Urbano
37204,Hidalgo del Valle,Conjunto habitacional,León,Guanajuato,León de los Aldama,Urbano
37204,Misión de La Florida,Colonia,León,Guanajuato,León de los Aldama,Urbano
37204,San Jerónimo I,Colonia,León,Guanajuato,León de los Aldama,Urbano
37204,Villa de las Torres,Colonia,León,Guanajuato,León de los Aldama,Urbano
37204,Los Abedules,Fraccionamiento,León,Guanajuato,León de los Aldama,Urbano
37204,Valle de las Torres,Colonia,León,Guanajuato,León de los Aldama,Urbano
37204,Alameda Diamante,Fraccionamiento,León,Guanajuato,León de los Aldama,Urbano
37204,Alamedas de España,Fraccionamiento,León,Guanajuato,León de los Aldama,Urbano
37205,Arboledas de Señora,Colonia,León,Guanajuato,León de los Aldama,Urbano
37205,Valle de Señora,Colonia,León,Guanajuato,León de los Aldama,Urbano
37207,Residencial Real Cayetana,Fraccionamiento,León,Guanajuato,León de los Aldama,Urbano
37207,Rivera del Carmen (Divina Infantita),Colonia,León,Guanajuato,León de los Aldama,Urbano
37207,La Cima de León,Fraccionamiento,León,Guanajuato,León de los Aldama,Urbano
37207,La Pera,Fraccionamiento,León,Guanajuato,León de los Aldama,Urbano
37207,Azahares,Fraccionamiento,León,Guanajuato,León de los Aldama,Urbano
37207,Lomas de la Selva,Colonia,León,Guanajuato,León de los Aldama,Urbano
37207,Arboledas de la Selva,Colonia,León,Guanajuato,León de los Aldama,Urbano
37207,La Santa Cruz,Colonia,León,Guanajuato,León de los Aldama,Urbano
37207,Laderas de Ibarrilla,Colonia,León,Guanajuato,León de los Aldama,Urbano
37207,Rincón de Ibarrilla,Colonia,León,Guanajuato,León de los Aldama,Urbano
37207,Ermita de Ibarrilla,Colonia,León,Guanajuato,León de los Aldama,Urbano
37207,Once de Junio,Colonia,León,Guanajuato,León de los Aldama,Urbano
37207,Mesitas del Consuelo,Colonia,León,Guanajuato,León de los Aldama,Urbano
37207,Bosques de la Selva,Colonia,León,Guanajuato,León de los Aldama,Urbano
37207,San Nicolás de los Reyes,Colonia,León,Guanajuato,León de los Aldama,Urbano
37207,La Escondida,Colonia,León,Guanajuato,León de los Aldama,Urbano
37207,Alta Sierra,Fraccionamiento,León,Guanajuato,León de los Aldama,Urbano
37207,El Vivero,Equipamiento,León,Guanajuato,León de los Aldama,Urbano
37207,El Penitente,Colonia,León,Guanajuato,León de los Aldama,Urbano
37207,El Valladito,Colonia,León,Guanajuato,León de los Aldama,Urbano
37207,La Selva,Colonia,León,Guanajuato,León de los Aldama,Urbano
37207,Las Presitas,Colonia,León,Guanajuato,León de los Aldama,Urbano
37207,Las Presitas del Consuelo,Colonia,León,Guanajuato,León de los Aldama,Urbano
37207,Lomas de Las Presitas,Colonia,León,Guanajuato,León de los Aldama,Urbano
37207,8 de Marzo,Colonia,León,Guanajuato,León de los Aldama,Urbano
37207,Palenque de Ibarrilla,Colonia,León,Guanajuato,León de los Aldama,Urbano
37207,San Pablo,Colonia,León,Guanajuato,León de los Aldama,Urbano
37207,Villa de la Rosa,Colonia,León,Guanajuato,León de los Aldama,Urbano
37207,Rinconada de Ibarrilla,Colonia,León,Guanajuato,León de los Aldama,Urbano
37207,Las Presitas II,Colonia,León,Guanajuato,León de los Aldama,Urbano
37207,Laureles de La Selva,Colonia,León,Guanajuato,León de los Aldama,Urbano
37207,Unión Comunitaria los Laureles,Colonia,León,Guanajuato,León de los Aldama,Urbano
37207,Brisas del Lago,Fraccionamiento,León,Guanajuato,León de los Aldama,Urbano
37207,La Nopalera,Fraccionamiento,León,Guanajuato,León de los Aldama,Urbano
37207,El Consuelo,Colonia,León,Guanajuato,León de los Aldama,Urbano
37207,Arboledas de La Luz,Colonia,León,Guanajuato,León de los Aldama,Urbano
37207,Valle del Consuelo,Colonia,León,Guanajuato,León de los Aldama,Urbano
37207,Antenas de Arriba,Colonia,León,Guanajuato,León de los Aldama,Urbano
37207,Residencial La Toscana,Fraccionamiento,León,Guanajuato,León de los Aldama,Urbano
37207,Real de San Antonio,Colonia,León,Guanajuato,León de los Aldama,Urbano
37207,Lomas de Ibarrilla,Fraccionamiento,León,Guanajuato,León de los Aldama,Urbano
37207,Haciendas de Ibarrilla,Fraccionamiento,León,Guanajuato,León de los Aldama,Urbano
37208,San Jorge (Los Castillos),Colonia,León,Guanajuato,León de los Aldama,Urbano
37208,Lyrata Residencial,Fraccionamiento,León,Guanajuato,León de los Aldama,Urbano
37208,Fracciones de Echeveste (pro),Colonia,León,Guanajuato,León de los Aldama,Urbano
37208,Lomas de Echeveste,Colonia,León,Guanajuato,León de los Aldama,Urbano
37208,Nuevo León,Colonia,León,Guanajuato,León de los Aldama,Urbano
37208,San Javier,Colonia,León,Guanajuato,León de los Aldama,Urbano
37208,Villa Magna,Conjunto habitacional,León,Guanajuato,León de los Aldama,Urbano
37208,Quintas San Lorenzo,Fraccionamiento,León,Guanajuato,León de los Aldama,Urbano
37209,Altavista,Colonia,León,Guanajuato,León de los Aldama,Urbano
37209,Valle de las Toronjas,Colonia,León,Guanajuato,León de los Aldama,Urbano
37209,San Isidro Azteca,Colonia,León,Guanajuato,León de los Aldama,Urbano
37209,Vista Aero,Colonia,León,Guanajuato,León de los Aldama,Urbano
37209,Zarcihuiles,Colonia,León,Guanajuato,León de los Aldama,Urbano
37209,El Chepinque,Colonia,León,Guanajuato,León de los Aldama,Urbano
37209,San Gabriel,Colonia,León,Guanajuato,León de los Aldama,Urbano
37209,La Lomita,Colonia,León,Guanajuato,León de los Aldama,Urbano
37209,Pedregal,Fraccionamiento,León,Guanajuato,León de los Aldama,Urbano
37209,Cañón de La India,Fraccionamiento,León,Guanajuato,León de los Aldama,Urbano
37209,Castillos Viejos,Colonia,León,Guanajuato,León de los Aldama,Urbano
37209,El Cuarenteño,Colonia,León,Guanajuato,León de los Aldama,Urbano
37209,La India,Colonia,León,Guanajuato,León de los Aldama,Urbano
37209,Lomas de Los Castillos,Colonia,León,Guanajuato,León de los Aldama,Urbano
37209,Lomas de Guadalupe,Colonia,León,Guanajuato,León de los Aldama,Urbano
37209,Los Castillos,Colonia,León,Guanajuato,León de los Aldama,Urbano
37209,Real del Castillo,Colonia,León,Guanajuato,León de los Aldama,Urbano
37209,Rivera de los Castillo,Colonia,León,Guanajuato,León de los Aldama,Urbano
37209,San Isidro Labrador,Colonia,León,Guanajuato,León de los Aldama,Urbano
37209,Los Arrayanes,Colonia,León,Guanajuato,León de los Aldama,Urbano
37209,El Castillo,Colonia,León,Guanajuato,León de los Aldama,Urbano
37209,Adquirientes de Ibarrilla,Colonia,León,Guanajuato,León de los Aldama,Urbano
37209,Paso del Río de los Castillo,Colonia,León,Guanajuato,León de los Aldama,Urbano
37209,Arboledas de los Castillos II,Colonia,León,Guanajuato,León de los Aldama,Urbano
37209,Cantarranas,Fraccionamiento,León,Guanajuato,León de los Aldama,Urbano
37210,Arancia,Fraccionamiento,León,Guanajuato,León de los Aldama,Urbano
37210,Nueva Santa Rosa de Lima,Colonia,León,Guanajuato,León de los Aldama,Urbano
37210,Carmena,Fraccionamiento,León,Guanajuato,León de los Aldama,Urbano
37210,Paseo de los Naranjos,Fraccionamiento,León,Guanajuato,León de los Aldama,Urbano
37210,Los Naranjos,Colonia,León,Guanajuato,León de los Aldama,Urbano
37210,Sur Santa Rosa de Lima,Colonia,León,Guanajuato,León de los Aldama,Urbano
37210,Valle de San Bernardo,Colonia,León,Guanajuato,León de los Aldama,Urbano
37210,Praderas de Santa Rosa,Colonia,León,Guanajuato,León de los Aldama,Urbano
37210,San Benigno,Colonia,León,Guanajuato,León de los Aldama,Urbano
37210,Santa Rosa de Lima,Colonia,León,Guanajuato,León de los Aldama,Urbano
37210,Vasco de Quiroga,Fraccionamiento,León,Guanajuato,León de los Aldama,Urbano
37210,Valle de los Naranjos,Colonia,León,Guanajuato,León de los Aldama,Urbano
37210,Real de los Naranjos,Fraccionamiento,León,Guanajuato,León de los Aldama,Urbano
37210,Residencial Villa Contemporánea,Fraccionamiento,León,Guanajuato,León de los Aldama,Urbano
37210,Bosques de Los Naranjos,Fraccionamiento,León,Guanajuato,León de los Aldama,Urbano
37210,Colinas de Plata,Fraccionamiento,León,Guanajuato,León de los Aldama,Urbano
37210,Rivera de San Bernardo,Colonia,León,Guanajuato,León de los Aldama,Urbano
37210,Jardines de Los Naranjos,Fraccionamiento,León,Guanajuato,León de los Aldama,Urbano
37210,Quinta Los Naranjos,Fraccionamiento,León,Guanajuato,León de los Aldama,Urbano
37210,El Llano Grande,Fraccionamiento,León,Guanajuato,León de los Aldama,Urbano
37210,Privanza los Naranjos,Fraccionamiento,León,Guanajuato,León de los Aldama,Urbano
37217,El Árbol,Unidad habitacional,León,Guanajuato,León de los Aldama,Urbano
37217,Todos los Santos,Unidad habitacional,León,Guanajuato,León de los Aldama,Urbano
37217,Quinta Hilario Medina,Fraccionamiento,León,Guanajuato,León de los Aldama,Urbano
37217,Los Pirules,Colonia,León,Guanajuato,León de los Aldama,Urbano
37217,Residencial Victoria,Colonia,León,Guanajuato,León de los Aldama,Urbano
37217,San José del Consuelo II,Colonia,León,Guanajuato,León de los Aldama,Urbano
37217,Sur los Naranjos,Colonia,León,Guanajuato,León de los Aldama,Urbano
37218,Privanza del Condado,Fraccionamiento,León,Guanajuato,León de los Aldama,Urbano
37218,Paseos del Arroyo,Fraccionamiento,León,Guanajuato,León de los Aldama,Urbano
37218,Quinta los Naranjos,Fraccionamiento,León,Guanajuato,León de los Aldama,Urbano
37218,San José,Fraccionamiento,León,Guanajuato,León de los Aldama,Urbano
37218,Misión de San José,Colonia,León,Guanajuato,León de los Aldama,Urbano
37218,Real de San José,Colonia,León,Guanajuato,León de los Aldama,Urbano
37218,El Condado Plus,Fraccionamiento,León,Guanajuato,León de los Aldama,Urbano
37218,Misión de San José 2a Secc,Fraccionamiento,León,Guanajuato,León de los Aldama,Urbano
37219,Real los Murales,Colonia,León,Guanajuato,León de los Aldama,Urbano
37219,Habitacional Coecillo,Fraccionamiento,León,Guanajuato,León de los Aldama,Urbano
37219,Misión del Norte,Colonia,León,Guanajuato,León de los Aldama,Urbano
37219,Los Murales,Fraccionamiento,León,Guanajuato,León de los Aldama,Urbano
37219,Manantiales,Fraccionamiento,León,Guanajuato,León de los Aldama,Urbano
37219,Los Murales II,Fraccionamiento,León,Guanajuato,León de los Aldama,Urbano
37220,El Retiro,Colonia,León,Guanajuato,León de los Aldama,Urbano
37220,Hidalgo,Fraccionamiento,León,Guanajuato,León de los Aldama,Urbano
37220,Villa Insurgentes,Colonia,León,Guanajuato,León de los Aldama,Urbano
37225,Independencia INFONAVIT,Unidad habitacional,León,Guanajuato,León de los Aldama,Urbano
37227,Las Trojes,Colonia,León,Guanajuato,León de los Aldama,Urbano
37227,Centro Bodeguero las Trojes,Fraccionamiento,León,Guanajuato,León de los Aldama,Urbano
37230,Jardines de Providencia,Colonia,León,Guanajuato,León de los Aldama,Urbano
37230,Linares,Colonia,León,Guanajuato,León de los Aldama,Urbano
37230,San Antonio del Alambrado,Colonia,León,Guanajuato,León de los Aldama,Urbano
37230,Privada Rinconada de las Flores,Fraccionamiento,León,Guanajuato,León de los Aldama,Urbano
37233,Alfaro,Colonia,León,Guanajuato,León de los Aldama,Urbano
37233,La Capilla de Alfaro,Colonia,León,Guanajuato,León de los Aldama,Urbano
37233,La Esperanza de Alfaro,Colonia,León,Guanajuato,León de los Aldama,Urbano
37234,Privada del Real,Fraccionamiento,León,Guanajuato,León de los Aldama,Urbano
37234,Bosque del Valle,Fraccionamiento,León,Guanajuato,León de los Aldama,Urbano
37234,Providencia,Colonia,León,Guanajuato,León de los Aldama,Urbano
37234,Real Providencia,Fraccionamiento,León,Guanajuato,León de los Aldama,Urbano
37234,Nte. San Antonio del Alambrado,Colonia,León,Guanajuato,León de los Aldama,Urbano
37235,Amberes Residencial,Fraccionamiento,León,Guanajuato,León de los Aldama,Urbano
37235,Arbolé,Condominio,León,Guanajuato,León de los Aldama,Urbano
37235,La Pirámide,Colonia,León,Guanajuato,León de los Aldama,Urbano
37235,León I,Colonia,León,Guanajuato,León de los Aldama,Urbano
37235,Ampliación León I,Colonia,León,Guanajuato,León de los Aldama,Urbano
37235,Jardines del Sol,Colonia,León,Guanajuato,León de los Aldama,Urbano
37235,Hacienda Santa Catalina,Fraccionamiento,León,Guanajuato,León de los Aldama,Urbano
37235,Hacienda San Miguel,Fraccionamiento,León,Guanajuato,León de los Aldama,Urbano
37236,Benito Juárez,Colonia,León,Guanajuato,León de los Aldama,Urbano
37236,Presidentes de México,Colonia,León,Guanajuato,León de los Aldama,Urbano
37237,Unidad Deportiva,Colonia,León,Guanajuato,León de los Aldama,Urbano
37238,Bosques del Pedregal,Fraccionamiento,León,Guanajuato,León de los Aldama,Urbano
37238,Cumbres de Medina,Colonia,León,Guanajuato,León de los Aldama,Urbano
37238,Lagos de Medina,Colonia,León,Guanajuato,León de los Aldama,Urbano
37238,Santa Magdalena,Colonia,León,Guanajuato,León de los Aldama,Urbano
37238,Paseos de Maravillas,Colonia,León,Guanajuato,León de los Aldama,Urbano
37238,Bosques de Breda,Fraccionamiento,León,Guanajuato,León de los Aldama,Urbano
37238,Cañada de Alfaro,Colonia,León,Guanajuato,León de los Aldama,Urbano
37238,El Peñón,Colonia,León,Guanajuato,León de los Aldama,Urbano
37238,Fracciones de Mesa Medina,Colonia,León,Guanajuato,León de los Aldama,Urbano
37238,Maravillas,Colonia,León,Guanajuato,León de los Aldama,Urbano
37238,Maravillas II,Colonia,León,Guanajuato,León de los Aldama,Urbano
37238,Lomas de Medina,Colonia,León,Guanajuato,León de los Aldama,Urbano
37238,Ángeles y Medina,Fraccionamiento,León,Guanajuato,León de los Aldama,Urbano
37238,Maravillas III,Colonia,León,Guanajuato,León de los Aldama,Urbano
37238,Medina,Colonia,León,Guanajuato,León de los Aldama,Urbano
37238,Prado Hermoso,Unidad habitacional,León,Guanajuato,León de los Aldama,Urbano
37238,Jardines de Maravillas,Colonia,León,Guanajuato,León de los Aldama,Urbano
37238,Hacienda de los Naranjos,Fraccionamiento,León,Guanajuato,León de los Aldama,Urbano
37238,Lomas de los Naranjos,Fraccionamiento,León,Guanajuato,León de los Aldama,Urbano
37238,Brisas del Vergel,Colonia,León,Guanajuato,León de los Aldama,Urbano
37238,Hacienda de Guadalupe,Colonia,León,Guanajuato,León de los Aldama,Urbano
37238,Jardines Lomas de Medina,Colonia,León,Guanajuato,León de los Aldama,Urbano
37238,Peña Alta,Colonia,León,Guanajuato,León de los Aldama,Urbano
37238,Huertas de Medina,Colonia,León,Guanajuato,León de los Aldama,Urbano
37239,Unidad Deportiva II,Colonia,León,Guanajuato,León de los Aldama,Urbano
37239,Revolución,Colonia,León,Guanajuato,León de los Aldama,Urbano
37239,Unión Comunitaria de León,Colonia,León,Guanajuato,León de los Aldama,Urbano
37240,La Brisa,Colonia,León,Guanajuato,León de los Aldama,Urbano
37240,Michoacán,Colonia,León,Guanajuato,León de los Aldama,Urbano
37240,Palomares,Colonia,León,Guanajuato,León de los Aldama,Urbano
37240,Popular Anaya,Colonia,León,Guanajuato,León de los Aldama,Urbano
37240,San Agustin,Colonia,León,Guanajuato,León de los Aldama,Urbano
37240,Santa Fe,Colonia,León,Guanajuato,León de los Aldama,Urbano
37249,El Lucero,Colonia,León,Guanajuato,León de los Aldama,Urbano
37250,El Cortijo,Colonia,León,Guanajuato,León de los Aldama,Urbano
37250,La Carmona,Colonia,León,Guanajuato,León de los Aldama,Urbano
37250,San Felipe de Jesús,Colonia,León,Guanajuato,León de los Aldama,Urbano
37257,Jardines de Oriente,Colonia,León,Guanajuato,León de los Aldama,Urbano
37257,Residencial Platino,Fraccionamiento,León,Guanajuato,León de los Aldama,Urbano
37258,Jardines del Sol,Condominio,León,Guanajuato,León de los Aldama,Urbano
37258,Los Ángeles,Colonia,León,Guanajuato,León de los Aldama,Urbano
37258,Los Portones,Colonia,León,Guanajuato,León de los Aldama,Urbano
37258,Unidad y Esfuerzo Popular,Colonia,León,Guanajuato,León de los Aldama,Urbano
37258,Villas del Mayab,Fraccionamiento,León,Guanajuato,León de los Aldama,Urbano
37259,San Manuel,Colonia,León,Guanajuato,León de los Aldama,Urbano
37260,Residencial Las Magnolias,Fraccionamiento,León,Guanajuato,León de los Aldama,Urbano
37260,El Coecillo,Colonia,León,Guanajuato,León de los Aldama,Urbano
37260,Killian,Colonia,León,Guanajuato,León de los Aldama,Urbano
37260,La Candelaria,Colonia,León,Guanajuato,León de los Aldama,Urbano
37260,Josefina,Fraccionamiento,León,Guanajuato,León de los Aldama,Urbano
37260,Laureles Vallarta,Unidad habitacional,León,Guanajuato,León de los Aldama,Urbano
37260,Nueva Candelaria,Fraccionamiento,León,Guanajuato,León de los Aldama,Urbano
37260,Valtierra,Conjunto habitacional,León,Guanajuato,León de los Aldama,Urbano
37260,Killian II,Colonia,León,Guanajuato,León de los Aldama,Urbano
37260,Ex Hacienda la Morena I,Fraccionamiento,León,Guanajuato,León de los Aldama,Urbano
37260,Ex Hacienda la Morena II,Fraccionamiento,León,Guanajuato,León de los Aldama,Urbano
37266,Estrella,Conjunto habitacional,León,Guanajuato,León de los Aldama,Urbano
37266,Españita,Colonia,León,Guanajuato,León de los Aldama,Urbano
37266,Los Gavilanes,Colonia,León,Guanajuato,León de los Aldama,Urbano
37267,La Mora (cruz de Cantera),Colonia,León,Guanajuato,León de los Aldama,Urbano
37268,Belén,Conjunto habitacional,León,Guanajuato,León de los Aldama,Urbano
37269,Los Pinitos,Colonia,León,Guanajuato,León de los Aldama,Urbano
37270,Bugambilias,Colonia,León,Guanajuato,León de los Aldama,Urbano
37270,Las Fuentes,Colonia,León,Guanajuato,León de los Aldama,Urbano
37270,Rincón de Bugambilias,Colonia,León,Guanajuato,León de los Aldama,Urbano
37270,El Refugio,Colonia,León,Guanajuato,León de los Aldama,Urbano
37276,Las Glorias,Unidad habitacional,León,Guanajuato,León de los Aldama,Urbano
37277,27 de Septiembre,Colonia,León,Guanajuato,León de los Aldama,Urbano
37278,Villas la Luz,Fraccionamiento,León,Guanajuato,León de los Aldama,Urbano
37278,Residencial Titanio,Fraccionamiento,León,Guanajuato,León de los Aldama,Urbano
37278,Constituyentes de Guanajuato,Colonia,León,Guanajuato,León de los Aldama,Urbano
37278,Bosques de Rentería,Colonia,León,Guanajuato,León de los Aldama,Urbano
37278,Popular Inca,Colonia,León,Guanajuato,León de los Aldama,Urbano
37278,Popular La Luz,Colonia,León,Guanajuato,León de los Aldama,Urbano
37278,Portones de San Pedrito,Conjunto habitacional,León,Guanajuato,León de los Aldama,Urbano
37278,Pueblo Nuevo,Colonia,León,Guanajuato,León de los Aldama,Urbano
37278,San Miguel de Rentería,Colonia,León,Guanajuato,León de los Aldama,Urbano
37278,Villa de las Flores,Conjunto habitacional,León,Guanajuato,León de los Aldama,Urbano
37278,San Pedro Plus,Colonia,León,Guanajuato,León de los Aldama,Urbano
37278,Las Fuentes de San Pedro,Colonia,León,Guanajuato,León de los Aldama,Urbano
37278,Residencial Coyoacán,Fraccionamiento,León,Guanajuato,León de los Aldama,Urbano
37279,Las Rosas,Colonia,León,Guanajuato,León de los Aldama,Urbano
37279,Misión de La Luz,Colonia,León,Guanajuato,León de los Aldama,Urbano
37280,Portal la Luz,Fraccionamiento,León,Guanajuato,León de los Aldama,Urbano
37280,Arboledas de San Pedro,Colonia,León,Guanajuato,León de los Aldama,Urbano
37280,Rinconada de San Pedro,Colonia,León,Guanajuato,León de los Aldama,Urbano
37280,San Pedro de los Hernández,Colonia,León,Guanajuato,León de los Aldama,Urbano
37287,Club Loyola,Colonia,León,Guanajuato,León de los Aldama,Urbano
37287,Residencial San Ángel,Fraccionamiento,León,Guanajuato,León de los Aldama,Urbano
37287,Fracciones del Crespo,Colonia,León,Guanajuato,León de los Aldama,Urbano
37288,Predio San Pedro o Jesús María,Zona comercial,León,Guanajuato,León de los Aldama,Urbano
37288,Quintas del Sol,Fraccionamiento,León,Guanajuato,León de los Aldama,Urbano
37288,Jardines de San Pedro,Fraccionamiento,León,Guanajuato,León de los Aldama,Urbano
37288,Villa Verde,Fraccionamiento,León,Guanajuato,León de los Aldama,Urbano
37288,Eyupol,Colonia,León,Guanajuato,León de los Aldama,Urbano
37288,La Pechuga,Colonia,León,Guanajuato,León de los Aldama,Urbano
37288,Versalles,Conjunto habitacional,León,Guanajuato,León de los Aldama,Urbano
37289,Villas de Guadalupe,Fraccionamiento,León,Guanajuato,León de los Aldama,Urbano
37289,Torres Premier,Condominio,León,Guanajuato,León de los Aldama,Urbano
37289,Hacienda Bugambilias,Fraccionamiento,León,Guanajuato,León de los Aldama,Urbano
37289,Portón de Bugambilias,Fraccionamiento,León,Guanajuato,León de los Aldama,Urbano
37289,Privada del Pozo,Fraccionamiento,León,Guanajuato,León de los Aldama,Urbano
37289,Niza,Fraccionamiento,León,Guanajuato,León de los Aldama,Urbano
37289,Granja Ceres,Colonia,León,Guanajuato,León de los Aldama,Urbano
37289,Guadalupe,Barrio,León,Guanajuato,León de los Aldama,Urbano
37289,Villas Bugambilias,Fraccionamiento,León,Guanajuato,León de los Aldama,Urbano
37289,San Jorge,Colonia,León,Guanajuato,León de los Aldama,Urbano
37289,La Haciendita,Colonia,León,Guanajuato,León de los Aldama,Urbano
37289,Fracciones San Pedro,Colonia,León,Guanajuato,León de los Aldama,Urbano
37289,Anturios,Fraccionamiento,León,Guanajuato,León de los Aldama,Urbano
37289,Natura,Fraccionamiento,León,Guanajuato,León de los Aldama,Urbano
37289,Oasis,Fraccionamiento,León,Guanajuato,León de los Aldama,Urbano
37290,La Vigatta,Fraccionamiento,León,Guanajuato,León de los Aldama,Urbano
37290,Fracciones del Predio Santa Julia de Jerez,Colonia,León,Guanajuato,León de los Aldama,Urbano
37290,Albazul Residencial,Fraccionamiento,León,Guanajuato,León de los Aldama,Urbano
37290,La Vigatta 2,Fraccionamiento,León,Guanajuato,León de los Aldama,Urbano
37290,Industrial Santa Julia,Fraccionamiento,León,Guanajuato,León de los Aldama,Urbano
37290,Industrial Julián de Obregón,Zona industrial,León,Guanajuato,León de los Aldama,Urbano
37290,La Campiña,Colonia,León,Guanajuato,León de los Aldama,Urbano
37290,Industrial las Cruces,Colonia,León,Guanajuato,León de los Aldama,Urbano
37290,Purísima de Jerez,Colonia,León,Guanajuato,León de los Aldama,Urbano
37290,San José de Los Tanques,Colonia,León,Guanajuato,León de los Aldama,Urbano
37290,Polígono Industrial Milenio,Colonia,León,Guanajuato,León de los Aldama,Urbano
37290,Campo Viña,Fraccionamiento,León,Guanajuato,León de los Aldama,Urbano
37290,Praderas de Agua Azul,Fraccionamiento,León,Guanajuato,León de los Aldama,Urbano
37290,Las Flores,Fraccionamiento,León,Guanajuato,León de los Aldama,Urbano
37290,Portales de Santa Úrsula,Fraccionamiento,León,Guanajuato,León de los Aldama,Urbano
37293,Sierra Nogal,Fraccionamiento,León,Guanajuato,León de los Aldama,Urbano
37294,Bosques del Carmen,Fraccionamiento,León,Guanajuato,León de los Aldama,Urbano
37294,Esmeralda del Bajío,Fraccionamiento,León,Guanajuato,León de los Aldama,Urbano
37294,Villas del Campo Uno,Colonia,León,Guanajuato,León de los Aldama,Urbano
37294,La Tinaja,Colonia,León,Guanajuato,León de los Aldama,Urbano
37294,Cabo Metropolitano,Fraccionamiento,León,Guanajuato,León de los Aldama,Urbano
37294,Cuesta del Rocío,Colonia,León,Guanajuato,León de los Aldama,Urbano
37294,Valle de México,Colonia,León,Guanajuato,León de los Aldama,Urbano
37294,Gran Paraíso,Colonia,León,Guanajuato,León de los Aldama,Urbano
37294,Campos Elíseos,Fraccionamiento,León,Guanajuato,León de los Aldama,Urbano
37294,Flor del Valle,Colonia,León,Guanajuato,León de los Aldama,Urbano
37294,Paraíso Real,Fraccionamiento,León,Guanajuato,León de los Aldama,Urbano
37294,San Nicolás de los González,Pueblo,León,Guanajuato,León de los Aldama,Urbano
37294,Jardines de Los Reyes,Fraccionamiento,León,Guanajuato,León de los Aldama,Urbano
37294,Villas de San Nicolás,Fraccionamiento,León,Guanajuato,León de los Aldama,Urbano
37294,Cristo Rey,Colonia,León,Guanajuato,León de los Aldama,Urbano
37295,Fuentes del Valle,Colonia,León,Guanajuato,León de los Aldama,Urbano
37295,Parque Chapultepec,Fraccionamiento,León,Guanajuato,León de los Aldama,Urbano
37295,Parques de San Juan,Fraccionamiento,León,Guanajuato,León de los Aldama,Urbano
37295,Villas Constelaciones,Fraccionamiento,León,Guanajuato,León de los Aldama,Urbano
37295,Nuevo San Nicolás,Colonia,León,Guanajuato,León de los Aldama,Urbano
37295,Bosques de San Juan,Fraccionamiento,León,Guanajuato,León de los Aldama,Urbano
37295,Prados la Luz,Colonia,León,Guanajuato,León de los Aldama,Urbano
37295,Punta Nogal la Luz,Fraccionamiento,León,Guanajuato,León de los Aldama,Urbano
37295,Rubí del Bajío,Fraccionamiento,León,Guanajuato,León de los Aldama,Urbano
37295,Marsol II,Colonia,León,Guanajuato,León de los Aldama,Urbano
37295,Zafiro Residencial,Fraccionamiento,León,Guanajuato,León de los Aldama,Urbano
37295,Piedra Azul II,Colonia,León,Guanajuato,León de los Aldama,Urbano
37295,Rincón de Asís,Fraccionamiento,León,Guanajuato,León de los Aldama,Urbano
37295,Villas de Guanajuato,Colonia,León,Guanajuato,León de los Aldama,Urbano
37295,Villas del Rocío,Colonia,León,Guanajuato,León de los Aldama,Urbano
37295,Prados de San Nicolás,Colonia,León,Guanajuato,León de los Aldama,Urbano
37295,Porta Romani,Fraccionamiento,León,Guanajuato,León de los Aldama,Urbano
37295,Valle de Moreno,Colonia,León,Guanajuato,León de los Aldama,Urbano
37295,Marroka Residencial,Fraccionamiento,León,Guanajuato,León de los Aldama,Urbano
37295,Vestales,Fraccionamiento,León,Guanajuato,León de los Aldama,Urbano
37295,Villas de Nuestra Señora de La Luz II,Fraccionamiento,León,Guanajuato,León de los Aldama,Urbano
37295,Villas de Nuestra Señora de La Luz III,Fraccionamiento,León,Guanajuato,León de los Aldama,Urbano
37295,Mar Sol I,Fraccionamiento,León,Guanajuato,León de los Aldama,Urbano
37295,Villas de San Juan II,Fraccionamiento,León,Guanajuato,León de los Aldama,Urbano
37295,Villas Madero,Colonia,León,Guanajuato,León de los Aldama,Urbano
37295,Valle de Otates,Condominio,León,Guanajuato,León de los Aldama,Urbano
37295,San Juan,Colonia,León,Guanajuato,León de los Aldama,Urbano
37295,Valle de Terranova,Fraccionamiento,León,Guanajuato,León de los Aldama,Urbano
37295,Zerena,Fraccionamiento,León,Guanajuato,León de los Aldama,Urbano
37295,El Cid,Fraccionamiento,León,Guanajuato,León de los Aldama,Urbano
37295,La Hacienda de León Residencial y Golf,Fraccionamiento,León,Guanajuato,León de los Aldama,Urbano
37295,Loma Verde,Fraccionamiento,León,Guanajuato,León de los Aldama,Urbano
37295,San Francisco,Colonia,León,Guanajuato,León de los Aldama,Urbano
37295,Sangre de Cristo,Fraccionamiento,León,Guanajuato,León de los Aldama,Urbano
37295,Ampliación San Francisco,Colonia,León,Guanajuato,León de los Aldama,Urbano
37295,Bosques (Misael Núñez),Colonia,León,Guanajuato,León de los Aldama,Urbano
37295,Las Villas,Fraccionamiento,León,Guanajuato,León de los Aldama,Urbano
37295,Villas de San Juan,Fraccionamiento,León,Guanajuato,León de los Aldama,Urbano
37295,Paseos del Molino,Fraccionamiento,León,Guanajuato,León de los Aldama,Urbano
37295,Jardines de San Juan,Fraccionamiento,León,Guanajuato,León de los Aldama,Urbano
37295,Brisas del Pedregal,Fraccionamiento,León,Guanajuato,León de los Aldama,Urbano
37295,Brisas de San Francisco,Fraccionamiento,León,Guanajuato,León de los Aldama,Urbano
37295,El Lucero,Colonia,León,Guanajuato,León de los Aldama,Urbano
37295,Hacienda Los Otates,Colonia,León,Guanajuato,León de los Aldama,Urbano
37295,Campo Fuerte Residencial,Fraccionamiento,León,Guanajuato,León de los Aldama,Urbano
37295,Villas de Nuestra Señora de La Luz I,Fraccionamiento,León,Guanajuato,León de los Aldama,Urbano
37295,Santa Anita,Fraccionamiento,León,Guanajuato,León de los Aldama,Urbano
37295,Piedra Azul l,Colonia,León,Guanajuato,León de los Aldama,Urbano
37295,Conjunto habitacional Hera,Fraccionamiento,León,Guanajuato,León de los Aldama,Urbano
37295,Residencial Hestea,Fraccionamiento,León,Guanajuato,León de los Aldama,Urbano
37295,Villa Olímpica,Colonia,León,Guanajuato,León de los Aldama,Urbano
37296,Misión del Carmen,Colonia,León,Guanajuato,León de los Aldama,Urbano
37296,Jardines de Santa Fe,Fraccionamiento,León,Guanajuato,León de los Aldama,Urbano
37296,Residencial Lomas Punta del Este,Fraccionamiento,León,Guanajuato,León de los Aldama,Urbano
37296,Jesús María (El Vergel),Colonia,León,Guanajuato,León de los Aldama,Urbano
37296,Villas de San Nicolás II,Fraccionamiento,León,Guanajuato,León de los Aldama,Urbano
37296,Residencial Santa Lucía,Fraccionamiento,León,Guanajuato,León de los Aldama,Urbano
37296,Torres de San Nicolás,Condominio,León,Guanajuato,León de los Aldama,Urbano
37296,Las Vizcaínas,Fraccionamiento,León,Guanajuato,León de los Aldama,Urbano
37296,Residencial Tabachines,Fraccionamiento,León,Guanajuato,León de los Aldama,Urbano
37296,Misiones de Santa Fe,Fraccionamiento,León,Guanajuato,León de los Aldama,Urbano
37296,El Carmen (C.T.M.),Colonia,León,Guanajuato,León de los Aldama,Urbano
37296,Desarrollo El Potrero,Colonia,León,Guanajuato,León de los Aldama,Urbano
37296,San José del Potrero,Fraccionamiento,León,Guanajuato,León de los Aldama,Urbano
37296,Pedregal del Gigante,Fraccionamiento,León,Guanajuato,León de los Aldama,Urbano
37296,Hacienda Santa Fe,Fraccionamiento,León,Guanajuato,León de los Aldama,Urbano
37296,Terracota,Fraccionamiento,León,Guanajuato,León de los Aldama,Urbano
37296,Residencial Punta del Este,Fraccionamiento,León,Guanajuato,León de los Aldama,Urbano
37296,Villas de San Nicolás III,Fraccionamiento,León,Guanajuato,León de los Aldama,Urbano
37296,Hacienda San Ángel,Fraccionamiento,León,Guanajuato,León de los Aldama,Urbano
37296,Villas de San Nicolás III Norte,Fraccionamiento,León,Guanajuato,León de los Aldama,Urbano
37296,Residencial Santa Fe,Fraccionamiento,León,Guanajuato,León de los Aldama,Urbano
37297,Real de Villas,Fraccionamiento,León,Guanajuato,León de los Aldama,Urbano
37297,Río Grande,Colonia,León,Guanajuato,León de los Aldama,Urbano
37297,Brisas del Campo,Colonia,León,Guanajuato,León de los Aldama,Urbano
37297,Brisas del Campo II,Colonia,León,Guanajuato,León de los Aldama,Urbano
37297,Industrial La Capilla,Zona industrial,León,Guanajuato,León de los Aldama,Urbano
37297,Agua Azul,Fraccionamiento,León,Guanajuato,León de los Aldama,Urbano
37297,Brisas del Carmen,Fraccionamiento,León,Guanajuato,León de los Aldama,Urbano
37297,Industrial Brisas del Campo,Zona industrial,León,Guanajuato,León de los Aldama,Urbano
37297,Valle de la Luz,Colonia,León,Guanajuato,León de los Aldama,Urbano
37297,Brisas de San Nicolás,Fraccionamiento,León,Guanajuato,León de los Aldama,Urbano
37297,Portón de Los Girasoles,Fraccionamiento,León,Guanajuato,León de los Aldama,Urbano
37297,El Rotario,Fraccionamiento,León,Guanajuato,León de los Aldama,Urbano
37298,Punto Verde,Fraccionamiento,León,Guanajuato,León de los Aldama,Urbano
37299,Soberna,Fraccionamiento,León,Guanajuato,León de los Aldama,Urbano
37299,Aldaba,Fraccionamiento,León,Guanajuato,León de los Aldama,Urbano
37299,Valle del Carmen,Colonia,León,Guanajuato,León de los Aldama,Urbano
37299,Villa Grande,Colonia,León,Guanajuato,León de los Aldama,Urbano
37299,Aldaba II,Fraccionamiento,León,Guanajuato,León de los Aldama,Urbano
37299,Aldaba III,Fraccionamiento,León,Guanajuato,León de los Aldama,Urbano
37299,Club Hípico,Colonia,León,Guanajuato,León de los Aldama,Urbano
37299,El Carmen,Colonia,León,Guanajuato,León de los Aldama,Urbano
37299,Magisterial,Fraccionamiento,León,Guanajuato,León de los Aldama,Urbano
37299,Nuevo Amanecer,Fraccionamiento,León,Guanajuato,León de los Aldama,Urbano
37299,Pedregal del Carmen,Fraccionamiento,León,Guanajuato,León de los Aldama,Urbano
37299,Portones del Carmen,Colonia,León,Guanajuato,León de los Aldama,Urbano
37299,Residencial El Carmen,Conjunto habitacional,León,Guanajuato,León de los Aldama,Urbano
37299,Residencial San Carlos,Fraccionamiento,León,Guanajuato,León de los Aldama,Urbano
37299,Mezquital del Carmen,Fraccionamiento,León,Guanajuato,León de los Aldama,Urbano
37299,El Porvenir,Fraccionamiento,León,Guanajuato,León de los Aldama,Urbano
37299,Pía Monte,Fraccionamiento,León,Guanajuato,León de los Aldama,Urbano
37299,Villas del Carmen,Colonia,León,Guanajuato,León de los Aldama,Urbano
37299,Colinas del Carmen,Fraccionamiento,León,Guanajuato,León de los Aldama,Urbano
37299,Pedregal de San Carlos,Fraccionamiento,León,Guanajuato,León de los Aldama,Urbano
37300,Lindavista,Colonia,León,Guanajuato,León de los Aldama,Urbano
37300,Lomas de La Trinidad,Colonia,León,Guanajuato,León de los Aldama,Urbano
37306,Granada,Colonia,León,Guanajuato,León de los Aldama,Urbano
37310,Piletas I,Colonia,León,Guanajuato,León de los Aldama,Urbano
37310,Piletas II,Colonia,León,Guanajuato,León de los Aldama,Urbano
37315,Piletas III,Colonia,León,Guanajuato,León de los Aldama,Urbano
37316,Piletas IV,Colonia,León,Guanajuato,León de los Aldama,Urbano
37317,Real del Refugio,Fraccionamiento,León,Guanajuato,León de los Aldama,Urbano
37318,Real de Mariches,Colonia,León,Guanajuato,León de los Aldama,Urbano
37318,Desarrollo Baleares,Colonia,León,Guanajuato,León de los Aldama,Urbano
37319,San José Obrero,Colonia,León,Guanajuato,León de los Aldama,Urbano
37320,El Duraznal,Colonia,León,Guanajuato,León de los Aldama,Urbano
37320,Obregón,Colonia,León,Guanajuato,León de los Aldama,Urbano
37327,De Santiago,Colonia,León,Guanajuato,León de los Aldama,Urbano
37328,Moderna,Colonia,León,Guanajuato,León de los Aldama,Urbano
37328,Los Paraísos,Colonia,León,Guanajuato,León de los Aldama,Urbano
37328,San Antonio,Colonia,León,Guanajuato,León de los Aldama,Urbano
37330,España,Colonia,León,Guanajuato,León de los Aldama,Urbano
37330,San Juan Bosco (Vista Hermosa),Colonia,León,Guanajuato,León de los Aldama,Urbano
37330,Lomas Vista Hermosa Sur,Colonia,León,Guanajuato,León de los Aldama,Urbano
37340,Chapalita,Colonia,León,Guanajuato,León de los Aldama,Urbano
37340,Industrial,Colonia,León,Guanajuato,León de los Aldama,Urbano
37340,Obrera,Colonia,León,Guanajuato,León de los Aldama,Urbano
37350,Flores Magón,Colonia,León,Guanajuato,León de los Aldama,Urbano
37350,San Martín de Porres,Colonia,León,Guanajuato,León de los Aldama,Urbano
37353,Mineral de la Joya,Colonia,León,Guanajuato,León de los Aldama,Urbano
37353,El Yacimiento,Colonia,León,Guanajuato,León de los Aldama,Urbano
37353,Pedregal del Sol,Colonia,León,Guanajuato,León de los Aldama,Urbano
37353,Buenaventura (Buenavista),Colonia,León,Guanajuato,León de los Aldama,Urbano
37353,Celta de Vigo,Fraccionamiento,León,Guanajuato,León de los Aldama,Urbano
37353,Jol-gua-ber,Colonia,León,Guanajuato,León de los Aldama,Urbano
37353,Complejo La Cima,Colonia,León,Guanajuato,León de los Aldama,Urbano
37353,Chalet La Cumbre,Fraccionamiento,León,Guanajuato,León de los Aldama,Urbano
37353,Lomas de Las Hilamas,Colonia,León,Guanajuato,León de los Aldama,Urbano
37353,Palmas 2000,Colonia,León,Guanajuato,León de los Aldama,Urbano
37353,Real de León,Colonia,León,Guanajuato,León de los Aldama,Urbano
37353,Vibar,Colonia,León,Guanajuato,León de los Aldama,Urbano
37353,Misión Santa Fe,Fraccionamiento,León,Guanajuato,León de los Aldama,Urbano
37353,Cima Diamante,Colonia,León,Guanajuato,León de los Aldama,Urbano
37353,El Faro,Fraccionamiento,León,Guanajuato,León de los Aldama,Urbano
37353,Observatorio,Colonia,León,Guanajuato,León de los Aldama,Urbano
37353,El Paraíso,Colonia,León,Guanajuato,León de los Aldama,Urbano
37353,Valle Antigua,Colonia,León,Guanajuato,León de los Aldama,Urbano
37353,El Observatorio 2,Colonia,León,Guanajuato,León de los Aldama,Urbano
37353,Lomas del Edén,Colonia,León,Guanajuato,León de los Aldama,Urbano
37353,Colina Real,Colonia,León,Guanajuato,León de los Aldama,Urbano
37353,Lomas de La Paz,Colonia,León,Guanajuato,León de los Aldama,Urbano
37353,Cerrito de Guadalupe,Colonia,León,Guanajuato,León de los Aldama,Urbano
37353,Brisas del Sol,Colonia,León,Guanajuato,León de los Aldama,Urbano
37353,Cerrito de La Joya,Colonia,León,Guanajuato,León de los Aldama,Urbano
37353,Cerrito Amarillo,Colonia,León,Guanajuato,León de los Aldama,Urbano
37353,Frutales de la Hacienda,Colonia,León,Guanajuato,León de los Aldama,Urbano
37353,Valle de San Pedro,Colonia,León,Guanajuato,León de los Aldama,Urbano
37353,Lomas del Condado,Colonia,León,Guanajuato,León de los Aldama,Urbano
37355,El Renacimiento,Colonia,León,Guanajuato,León de los Aldama,Urbano
37355,Joyas de Castilla Plus,Fraccionamiento,León,Guanajuato,León de los Aldama,Urbano
37355,Las Torres,Colonia,León,Guanajuato,León de los Aldama,Urbano
37355,Lomas del Sol,Colonia,León,Guanajuato,León de los Aldama,Urbano
37355,Paraíso de las Joyas,Fraccionamiento,León,Guanajuato,León de los Aldama,Urbano
37355,Balcones de La Joya,Colonia,León,Guanajuato,León de los Aldama,Urbano
37355,Colina de La Hacienda,Colonia,León,Guanajuato,León de los Aldama,Urbano
37355,Convive,Colonia,León,Guanajuato,León de los Aldama,Urbano
37355,Paseos de La Joya,Colonia,León,Guanajuato,León de los Aldama,Urbano
37355,Saucillo de La Joya,Colonia,León,Guanajuato,León de los Aldama,Urbano
37355,Montaña del Sol de La Joya,Colonia,León,Guanajuato,León de los Aldama,Urbano
37355,Joyas de La Loma,Colonia,León,Guanajuato,León de los Aldama,Urbano
37355,La Perlita,Colonia,León,Guanajuato,León de los Aldama,Urbano
37355,Real 2000,Colonia,León,Guanajuato,León de los Aldama,Urbano
37355,Misión de La Joya,Colonia,León,Guanajuato,León de los Aldama,Urbano
37355,Joyas de Castilla,Fraccionamiento,León,Guanajuato,León de los Aldama,Urbano
37355,Punta del Sol,Fraccionamiento,León,Guanajuato,León de los Aldama,Urbano
37357,Cruz de la Soledad,Colonia,León,Guanajuato,León de los Aldama,Urbano
37357,Silglo XXI,Colonia,León,Guanajuato,León de los Aldama,Urbano
37357,Estancia de la Joya,Colonia,León,Guanajuato,León de los Aldama,Urbano
37357,Pedralta Residencial,Fraccionamiento,León,Guanajuato,León de los Aldama,Urbano
37357,Pinares,Fraccionamiento,León,Guanajuato,León de los Aldama,Urbano
37357,Centro Familiar La Piedad,Colonia,León,Guanajuato,León de los Aldama,Urbano
37357,Centro Familiar Soledad,Colonia,León,Guanajuato,León de los Aldama,Urbano
37357,Lomas de San José de la Joya,Colonia,León,Guanajuato,León de los Aldama,Urbano
37357,Real de La Joya,Colonia,León,Guanajuato,León de los Aldama,Urbano
37357,Rizos del Saucillo,Colonia,León,Guanajuato,León de los Aldama,Urbano
37357,Valle de la Joya,Colonia,León,Guanajuato,León de los Aldama,Urbano
37357,Villas de La Joya,Colonia,León,Guanajuato,León de los Aldama,Urbano
37357,La Fragua,Fraccionamiento,León,Guanajuato,León de los Aldama,Urbano
37357,El Cacerío,Colonia,León,Guanajuato,León de los Aldama,Urbano
37357,Camino a San Juan,Colonia,León,Guanajuato,León de los Aldama,Urbano
37357,Sinarquista,Colonia,León,Guanajuato,León de los Aldama,Urbano
37357,Vista Esmeralda,Fraccionamiento,León,Guanajuato,León de los Aldama,Urbano
37357,Cañada del Real,Fraccionamiento,León,Guanajuato,León de los Aldama,Urbano
37358,Paseos de la Fragua,Fraccionamiento,León,Guanajuato,León de los Aldama,Urbano
37358,Danubio Azul,Fraccionamiento,León,Guanajuato,León de los Aldama,Urbano
37358,Cañada Diamante,Fraccionamiento,León,Guanajuato,León de los Aldama,Urbano
37358,Villas de Palermo,Fraccionamiento,León,Guanajuato,León de los Aldama,Urbano
37358,Punta Cañada,Condominio,León,Guanajuato,León de los Aldama,Urbano
37358,Colinas de la Fragua,Fraccionamiento,León,Guanajuato,León de los Aldama,Urbano
37358,Praderas del Refugio,Fraccionamiento,León,Guanajuato,León de los Aldama,Urbano
37358,San José de la Joya,Colonia,León,Guanajuato,León de los Aldama,Urbano
37358,El Rubí,Colonia,León,Guanajuato,León de los Aldama,Urbano
37358,La Nueva Ermita,Colonia,León,Guanajuato,León de los Aldama,Urbano
37358,La Presa de la Joya,Colonia,León,Guanajuato,León de los Aldama,Urbano
37358,Lomas de Contreras,Colonia,León,Guanajuato,León de los Aldama,Urbano
37358,Rincón de la Joya,Colonia,León,Guanajuato,León de los Aldama,Urbano
37358,Trento,Fraccionamiento,León,Guanajuato,León de los Aldama,Urbano
37358,Lombardía Residencial,Fraccionamiento,León,Guanajuato,León de los Aldama,Urbano
37358,Valle Diamante,Fraccionamiento,León,Guanajuato,León de los Aldama,Urbano
37358,Cartagena,Fraccionamiento,León,Guanajuato,León de los Aldama,Urbano
37358,El Panorámico,Colonia,León,Guanajuato,León de los Aldama,Urbano
37358,Las Alajitas,Colonia,León,Guanajuato,León de los Aldama,Urbano
37358,Las Camelinas,Colonia,León,Guanajuato,León de los Aldama,Urbano
37358,La Ermita,Colonia,León,Guanajuato,León de los Aldama,Urbano
37358,La Joya,Colonia,León,Guanajuato,León de los Aldama,Urbano
37358,Lomas del Mirador,Fraccionamiento,León,Guanajuato,León de los Aldama,Urbano
37358,Paseos del Country,Fraccionamiento,León,Guanajuato,León de los Aldama,Urbano
37358,Cañada del Refugio,Fraccionamiento,León,Guanajuato,León de los Aldama,Urbano
37358,Country del Lago,Fraccionamiento,León,Guanajuato,León de los Aldama,Urbano
37358,Rivera de La Joya,Colonia,León,Guanajuato,León de los Aldama,Urbano
37358,Horizonte Azul,Colonia,León,Guanajuato,León de los Aldama,Urbano
37358,Lomas del Refugio,Fraccionamiento,León,Guanajuato,León de los Aldama,Urbano
37358,Colinas de La Fragua Plus,Fraccionamiento,León,Guanajuato,León de los Aldama,Urbano
37358,Barranca del Refugio,Fraccionamiento,León,Guanajuato,León de los Aldama,Urbano
37358,Portón Cañada,Fraccionamiento,León,Guanajuato,León de los Aldama,Urbano
37358,Balcones de la Fragua,Fraccionamiento,León,Guanajuato,León de los Aldama,Urbano
37358,Villas del Country,Fraccionamiento,León,Guanajuato,León de los Aldama,Urbano
37359,La Marquesa,Colonia,León,Guanajuato,León de los Aldama,Urbano
37359,Loma Dorada,Fraccionamiento,León,Guanajuato,León de los Aldama,Urbano
37359,Puerta Dorada,Fraccionamiento,León,Guanajuato,León de los Aldama,Urbano
37359,Torres Doradas,Fraccionamiento,León,Guanajuato,León de los Aldama,Urbano
37359,Punta Dorada,Fraccionamiento,León,Guanajuato,León de los Aldama,Urbano
37359,La Ordeña,Colonia,León,Guanajuato,León de los Aldama,Urbano
37360,Fátima,Unidad habitacional,León,Guanajuato,León de los Aldama,Urbano
37360,Arbide,Colonia,León,Guanajuato,León de los Aldama,Urbano
37360,Bellavista,Colonia,León,Guanajuato,León de los Aldama,Urbano
37364,La Merced (Ramírez García),Colonia,León,Guanajuato,León de los Aldama,Urbano
37366,Villa Residencial Arbide,Fraccionamiento,León,Guanajuato,León de los Aldama,Urbano
37368,Lomas de Arbide,Colonia,León,Guanajuato,León de los Aldama,Urbano
37369,Cumbres de Arbide,Colonia,León,Guanajuato,León de los Aldama,Urbano
37380,Guadalupe,Fraccionamiento,León,Guanajuato,León de los Aldama,Urbano
37380,Independencia,Colonia,León,Guanajuato,León de los Aldama,Urbano
37380,San Rafael,Colonia,León,Guanajuato,León de los Aldama,Urbano
37390,Las Américas,Colonia,León,Guanajuato,León de los Aldama,Urbano
37390,Los Fresnos,Colonia,León,Guanajuato,León de los Aldama,Urbano
37390,San Miguel,Barrio,León,Guanajuato,León de los Aldama,Urbano
37399,Juan Valle,Colonia,León,Guanajuato,León de los Aldama,Urbano
37400,Paseos de San Ángel,Colonia,León,Guanajuato,León de los Aldama,Urbano
37400,Ciudad Satélite,Colonia,León,Guanajuato,León de los Aldama,Urbano
37400,Islas de León,Fraccionamiento,León,Guanajuato,León de los Aldama,Urbano
37400,Lomas del Valle,Colonia,León,Guanajuato,León de los Aldama,Urbano
37400,Pedregal de Satélite,Fraccionamiento,León,Guanajuato,León de los Aldama,Urbano
37407,Balcones del Mirador,Fraccionamiento,León,Guanajuato,León de los Aldama,Urbano
37407,Las Hilamas,Unidad habitacional,León,Guanajuato,León de los Aldama,Urbano
37408,Barranca de Venaderos,Colonia,León,Guanajuato,León de los Aldama,Urbano
37408,León II,Colonia,León,Guanajuato,León de los Aldama,Urbano
37408,Balcón de las Hilamas,Colonia,León,Guanajuato,León de los Aldama,Urbano
37408,Paseos de Miravalle,Fraccionamiento,León,Guanajuato,León de los Aldama,Urbano
37408,Valle Imperial,Colonia,León,Guanajuato,León de los Aldama,Urbano
37408,Lomas del Pedregal,Colonia,León,Guanajuato,León de los Aldama,Urbano
37408,Paseos de La Cima Plus,Colonia,León,Guanajuato,León de los Aldama,Urbano
37408,Paseos de la Cima,Colonia,León,Guanajuato,León de los Aldama,Urbano
37410,John F Kennedy,Colonia,León,Guanajuato,León de los Aldama,Urbano
37410,Los Olivos,Colonia,León,Guanajuato,León de los Aldama,Urbano
37410,San Marcos,Colonia,León,Guanajuato,León de los Aldama,Urbano
37410,Rincón de los Olivos,Colonia,León,Guanajuato,León de los Aldama,Urbano
37414,La Piedrera,Colonia,León,Guanajuato,León de los Aldama,Urbano
37415,Lomas de los Olivos,Colonia,León,Guanajuato,León de los Aldama,Urbano
37416,Cumbres de La Piscina,Colonia,León,Guanajuato,León de los Aldama,Urbano
37416,Del Cosmos (San Bernardo),Colonia,León,Guanajuato,León de los Aldama,Urbano
37417,Hacienda las Mandarinas,Colonia,León,Guanajuato,León de los Aldama,Urbano
37419,Las Mandarinas,Fraccionamiento,León,Guanajuato,León de los Aldama,Urbano
37419,Loma Real,Colonia,León,Guanajuato,León de los Aldama,Urbano
37419,Real de Las Palmas,Fraccionamiento,León,Guanajuato,León de los Aldama,Urbano
37420,Buenavista,Colonia,León,Guanajuato,León de los Aldama,Urbano
37420,Loma Bonita,Colonia,León,Guanajuato,León de los Aldama,Urbano
37425,Las Palmas,Colonia,León,Guanajuato,León de los Aldama,Urbano
37425,Paseos de Andalucía,Fraccionamiento,León,Guanajuato,León de los Aldama,Urbano
37426,Mirador de Arbide,Colonia,León,Guanajuato,León de los Aldama,Urbano
37426,Residencial Valle de Arbide,Fraccionamiento,León,Guanajuato,León de los Aldama,Urbano
37427,Miguel de Cervantes Saavedra,Conjunto habitacional,León,Guanajuato,León de los Aldama,Urbano
37427,Chulavista Pro Vivienda Obrera,Colonia,León,Guanajuato,León de los Aldama,Urbano
37427,Valle del Rocío,Colonia,León,Guanajuato,León de los Aldama,Urbano
37428,El Salto,Colonia,León,Guanajuato,León de los Aldama,Urbano
37430,Colinas de León,Colonia,León,Guanajuato,León de los Aldama,Urbano
37430,Las Huertas,Colonia,León,Guanajuato,León de los Aldama,Urbano
37433,Villas La Gloria,Fraccionamiento,León,Guanajuato,León de los Aldama,Urbano
37433,Valle de los Milagros,Fraccionamiento,León,Guanajuato,León de los Aldama,Urbano
37433,Artículo 4o. Constitucional,Colonia,León,Guanajuato,León de los Aldama,Urbano
37433,Colinas del Recuerdo,Fraccionamiento,León,Guanajuato,León de los Aldama,Urbano
37433,Cortijos de La Gloria,Fraccionamiento,León,Guanajuato,León de los Aldama,Urbano
37433,Periodistas Mexicanos (J. López),Colonia,León,Guanajuato,León de los Aldama,Urbano
37433,El Recuerdo,Colonia,León,Guanajuato,León de los Aldama,Urbano
37433,Corral de Piedra,Colonia,León,Guanajuato,León de los Aldama,Urbano
37433,Cumbres de la Gloria,Fraccionamiento,León,Guanajuato,León de los Aldama,Urbano
37434,Betania,Colonia,León,Guanajuato,León de los Aldama,Urbano
37434,Campo Verde,Colonia,León,Guanajuato,León de los Aldama,Urbano
37434,La Lucita,Colonia,León,Guanajuato,León de los Aldama,Urbano
37436,Monte de Cristo,Colonia,León,Guanajuato,León de los Aldama,Urbano
37438,Fracciones del Guaje,Fraccionamiento,León,Guanajuato,León de los Aldama,Urbano
37438,Granjas las Amalias,Fraccionamiento,León,Guanajuato,León de los Aldama,Urbano
37438,Industrial Pamplona,Zona industrial,León,Guanajuato,León de los Aldama,Urbano
37438,Industrial San Jorge,Zona industrial,León,Guanajuato,León de los Aldama,Urbano
37438,Morelos (el Guaje),Colonia,León,Guanajuato,León de los Aldama,Urbano
37438,Arroyo Hondo,Colonia,León,Guanajuato,León de los Aldama,Urbano
37438,Industrial Génesis,Colonia,León,Guanajuato,León de los Aldama,Urbano
37439,Industrial Santa CROCCE,Zona industrial,León,Guanajuato,León de los Aldama,Urbano
37440,Granjas Campestre,Colonia,León,Guanajuato,León de los Aldama,Urbano
37440,La Piscina,Colonia,León,Guanajuato,León de los Aldama,Urbano
37440,Lomas de La Piscina,Colonia,León,Guanajuato,León de los Aldama,Urbano
37440,Colinas San Francisco,Fraccionamiento,León,Guanajuato,León de los Aldama,Urbano
37440,La Condesa,Fraccionamiento,León,Guanajuato,León de los Aldama,Urbano
37440,Cumbres del Sol,Colonia,León,Guanajuato,León de los Aldama,Urbano
37440,Valle Palermo,Colonia,León,Guanajuato,León de los Aldama,Urbano
37443,Industrial San Crispín,Zona industrial,León,Guanajuato,León de los Aldama,Urbano
37444,La Piscina CTM,Colonia,León,Guanajuato,León de los Aldama,Urbano
37444,Santa Rita de los Naranjos,Colonia,León,Guanajuato,León de los Aldama,Urbano
37446,Los Laureles,Colonia,León,Guanajuato,León de los Aldama,Urbano
37448,Los Limones,Colonia,León,Guanajuato,León de los Aldama,Urbano
37448,Portales de San Sebastián,Colonia,León,Guanajuato,León de los Aldama,Urbano
37450,Plaza de Toros,Colonia,León,Guanajuato,León de los Aldama,Urbano
37450,Río Escondido,Colonia,León,Guanajuato,León de los Aldama,Urbano
37450,San Sebastián,Colonia,León,Guanajuato,León de los Aldama,Urbano
37450,Santa Rita,Colonia,León,Guanajuato,León de los Aldama,Urbano
37455,Parque Industrial La Trinidad,Zona industrial,León,Guanajuato,León de los Aldama,Urbano
37456,San Ignacio,Colonia,León,Guanajuato,León de los Aldama,Urbano
37456,Valle de Alborada,Colonia,León,Guanajuato,León de los Aldama,Urbano
37457,Industrial Juárez,Fraccionamiento,León,Guanajuato,León de los Aldama,Urbano
37458,La Luz,Colonia,León,Guanajuato,León de los Aldama,Urbano
37458,San Luis,Condominio,León,Guanajuato,León de los Aldama,Urbano
37459,Jardines de San Sebastián,Colonia,León,Guanajuato,León de los Aldama,Urbano
37460,Jardínes de San Miguel,Colonia,León,Guanajuato,León de los Aldama,Urbano
37460,Los Aguacates,Colonia,León,Guanajuato,León de los Aldama,Urbano
37460,Villanueva,Colonia,León,Guanajuato,León de los Aldama,Urbano
37468,Arcoiris,Fraccionamiento,León,Guanajuato,León de los Aldama,Urbano
37468,Las Margaritas,Colonia,León,Guanajuato,León de los Aldama,Urbano
37468,Río Mayo,Unidad habitacional,León,Guanajuato,León de los Aldama,Urbano
37470,La Escondida,Colonia,León,Guanajuato,León de los Aldama,Urbano
37470,La Floresta,Colonia,León,Guanajuato,León de los Aldama,Urbano
37470,Lourdes,Colonia,León,Guanajuato,León de los Aldama,Urbano
37470,Santa Clara,Colonia,León,Guanajuato,León de los Aldama,Urbano
37470,San Miguel INFONAVIT,Fraccionamiento,León,Guanajuato,León de los Aldama,Urbano
37477,Jardines de San Miguelito,Colonia,León,Guanajuato,León de los Aldama,Urbano
37477,Fracciones de San Nicolás,Colonia,León,Guanajuato,León de los Aldama,Urbano
37478,Paseos del Maurel,Fraccionamiento,León,Guanajuato,León de los Aldama,Urbano
37479,Buenos Aires,Condominio,León,Guanajuato,León de los Aldama,Urbano
37480,El Paisaje,Colonia,León,Guanajuato,León de los Aldama,Urbano
37480,Las Arboledas,Colonia,León,Guanajuato,León de los Aldama,Urbano
37480,León Moderno,Colonia,León,Guanajuato,León de los Aldama,Urbano
37480,Prados Verdes,Colonia,León,Guanajuato,León de los Aldama,Urbano
37480,San Nicolás,Colonia,León,Guanajuato,León de los Aldama,Urbano
37480,Puerta San Rafael,Fraccionamiento,León,Guanajuato,León de los Aldama,Urbano
37487,Miguel Hidalgo,Unidad habitacional,León,Guanajuato,León de los Aldama,Urbano
37490,Central de Abastos,Zona comercial,León,Guanajuato,León de los Aldama,Urbano
37490,Fraccionamiento Industrial la Pompa,Zona industrial,León,Guanajuato,León de los Aldama,Urbano
37490,Los Pinos,Colonia,León,Guanajuato,León de los Aldama,Urbano
37490,Parque Industrial Ecológico de León (Piel),Zona industrial,León,Guanajuato,León de los Aldama,Urbano
37490,Pradera del Sol,Fraccionamiento,León,Guanajuato,León de los Aldama,Urbano
37490,Santa Lucia,Colonia,León,Guanajuato,León de los Aldama,Urbano
37490,Parque Ecológico Santa Lucía,Fraccionamiento,León,Guanajuato,León de los Aldama,Urbano
37490,Fracciones de Hacienda La Pompa,Colonia,León,Guanajuato,León de los Aldama,Urbano
37500,Torres Orión,Condominio,León,Guanajuato,León de los Aldama,Urbano
37500,El Mirador Oriental,Colonia,León,Guanajuato,León de los Aldama,Urbano
37500,El Tlacuache,Colonia,León,Guanajuato,León de los Aldama,Urbano
37500,Fracción del Coecillo,Colonia,León,Guanajuato,León de los Aldama,Urbano
37500,La Martinica,Colonia,León,Guanajuato,León de los Aldama,Urbano
37510,San Isidro,Colonia,León,Guanajuato,León de los Aldama,Urbano
37510,Oriental,Colonia,León,Guanajuato,León de los Aldama,Urbano
37510,Oriental Anaya,Colonia,León,Guanajuato,León de los Aldama,Urbano
37510,Parque Manzanares,Colonia,León,Guanajuato,León de los Aldama,Urbano
37510,Villas Pradera,Colonia,León,Guanajuato,León de los Aldama,Urbano
37520,Aztecas,Colonia,León,Guanajuato,León de los Aldama,Urbano
37520,Santa María del Granjeno,Colonia,León,Guanajuato,León de los Aldama,Urbano
37520,Praderas del Sur,Colonia,León,Guanajuato,León de los Aldama,Urbano
37520,Valle de San Isidro,Fraccionamiento,León,Guanajuato,León de los Aldama,Urbano
37526,El Tlacuache Oriente,Colonia,León,Guanajuato,León de los Aldama,Urbano
37526,Residencial Benevento,Fraccionamiento,León,Guanajuato,León de los Aldama,Urbano
37530,Lomas del Cerrito,Condominio,León,Guanajuato,León de los Aldama,Urbano
37530,Cerrito de Jerez,Colonia,León,Guanajuato,León de los Aldama,Urbano
37530,Colinas de San Isidro,Colonia,León,Guanajuato,León de los Aldama,Urbano
37530,Granjas Jardines de Jerez,Colonia,León,Guanajuato,León de los Aldama,Urbano
37530,Jaime Nunó,Conjunto habitacional,León,Guanajuato,León de los Aldama,Urbano
37530,Jardines de Jerez,Colonia,León,Guanajuato,León de los Aldama,Urbano
37530,Jardines de Jerez II,Colonia,León,Guanajuato,León de los Aldama,Urbano
37530,Jardines de Jerez III,Colonia,León,Guanajuato,León de los Aldama,Urbano
37530,Residencial del Parque,Colonia,León,Guanajuato,León de los Aldama,Urbano
37530,Residencial San Isidro,Colonia,León,Guanajuato,León de los Aldama,Urbano
37530,Villas de San Isidro,Colonia,León,Guanajuato,León de los Aldama,Urbano
37530,Villas Santa Julia,Colonia,León,Guanajuato,León de los Aldama,Urbano
37530,Mega Price,Zona comercial,León,Guanajuato,León de los Aldama,Urbano
37530,Fracciones de Jerez,Colonia,León,Guanajuato,León de los Aldama,Urbano
37530,Colinas de Santa Julia,Colonia,León,Guanajuato,León de los Aldama,Urbano
37530,Sur Loma Hermosa,Colonia,León,Guanajuato,León de los Aldama,Urbano
37530,Jardines de Santa Julia,Colonia,León,Guanajuato,León de los Aldama,Urbano
37530,Villas Mariana,Colonia,León,Guanajuato,León de los Aldama,Urbano
37530,Villas Santa Julia II Sección,Colonia,León,Guanajuato,León de los Aldama,Urbano
37530,San Isidro de Jerez,Colonia,León,Guanajuato,León de los Aldama,Urbano
37530,Jardines de la Bufa,Fraccionamiento,León,Guanajuato,León de los Aldama,Urbano
37536,La Yesca,Fraccionamiento,León,Guanajuato,León de los Aldama,Urbano
37536,Paseos de la Pradera,Fraccionamiento,León,Guanajuato,León de los Aldama,Urbano
37536,Parques de la Pradera,Colonia,León,Guanajuato,León de los Aldama,Urbano
37536,Jardines de La Pradera,Colonia,León,Guanajuato,León de los Aldama,Urbano
37536,Parques del Sur,Fraccionamiento,León,Guanajuato,León de los Aldama,Urbano
37536,Rinconada del Sur,Colonia,León,Guanajuato,León de los Aldama,Urbano
37536,Paseo de la Pradera,Fraccionamiento,León,Guanajuato,León de los Aldama,Urbano
37538,Campestre de Jerez,Colonia,León,Guanajuato,León de los Aldama,Urbano
37538,Cañada de Jerez,Colonia,León,Guanajuato,León de los Aldama,Urbano
37538,Jardín Delta,Colonia,León,Guanajuato,León de los Aldama,Urbano
37538,La Raza,Colonia,León,Guanajuato,León de los Aldama,Urbano
37538,Loma Hermosa,Colonia,León,Guanajuato,León de los Aldama,Urbano
37538,Lomas de Jerez,Colonia,León,Guanajuato,León de los Aldama,Urbano
37538,Pedregal de Jerez,Colonia,León,Guanajuato,León de los Aldama,Urbano
37538,Real de Jerez,Colonia,León,Guanajuato,León de los Aldama,Urbano
37538,Valle de Jerez,Colonia,León,Guanajuato,León de los Aldama,Urbano
37538,Valle Delta,Colonia,León,Guanajuato,León de los Aldama,Urbano
37538,La Esperanza de Jerez,Colonia,León,Guanajuato,León de los Aldama,Urbano
37538,Jesús María,Colonia,León,Guanajuato,León de los Aldama,Urbano
37538,Torremolinos,Fraccionamiento,León,Guanajuato,León de los Aldama,Urbano
37539,Balcones de Jerez,Colonia,León,Guanajuato,León de los Aldama,Urbano
37539,Campestre Nuevo Jerez,Colonia,León,Guanajuato,León de los Aldama,Urbano
37539,Ladera de Jerez,Colonia,León,Guanajuato,León de los Aldama,Urbano
37544,Valle del Roble,Fraccionamiento,León,Guanajuato,León de los Aldama,Urbano
37544,Residencial Hacienda Viñedos,Fraccionamiento,León,Guanajuato,León de los Aldama,Urbano
37544,Villa de los Ángeles,Fraccionamiento,León,Guanajuato,León de los Aldama,Urbano
37544,Jardines de Versalles,Fraccionamiento,León,Guanajuato,León de los Aldama,Urbano
37544,Camino a los Pirules,Colonia,León,Guanajuato,León de los Aldama,Rural
37544,Villa Universidad,Fraccionamiento,León,Guanajuato,León de los Aldama,Urbano
37544,San Carlos,Colonia,León,Guanajuato,León de los Aldama,Urbano
37544,Capittala,Fraccionamiento,León,Guanajuato,León de los Aldama,Urbano
37544,Murano,Fraccionamiento,León,Guanajuato,León de los Aldama,Urbano
37544,Puerta Lisboa,Fraccionamiento,León,Guanajuato,León de los Aldama,Urbano
37544,Mayorca Residencial,Fraccionamiento,León,Guanajuato,León de los Aldama,Urbano
37544,Bosque San Carlos,Fraccionamiento,León,Guanajuato,León de los Aldama,Urbano
37544,San Carlos la Roncha,Colonia,León,Guanajuato,León de los Aldama,Urbano
37544,La Herradura,Fraccionamiento,León,Guanajuato,León de los Aldama,Urbano
37544,Arboledas del Campo,Fraccionamiento,León,Guanajuato,León de los Aldama,Urbano
37544,Granjas San Carlos,Colonia,León,Guanajuato,León de los Aldama,Urbano
37544,El Encanto,Fraccionamiento,León,Guanajuato,León de los Aldama,Urbano
37544,Los Héroes León,Fraccionamiento,León,Guanajuato,León de los Aldama,Urbano
37545,Pinar del Tajo,Fraccionamiento,León,Guanajuato,León de los Aldama,Urbano
37545,Castello ll,Fraccionamiento,León,Guanajuato,León de los Aldama,Urbano
37545,Delta Faustina,Fraccionamiento,León,Guanajuato,León de los Aldama,Urbano
37545,Arboleda San José,Colonia,León,Guanajuato,León de los Aldama,Urbano
37545,Delta de Jerez,Colonia,León,Guanajuato,León de los Aldama,Urbano
37545,Industrial Delta,Zona industrial,León,Guanajuato,León de los Aldama,Urbano
37545,Las Torres,Colonia,León,Guanajuato,León de los Aldama,Urbano
37545,Mezquital de Jerez,Colonia,León,Guanajuato,León de los Aldama,Urbano
37545,San José El Alto,Colonia,León,Guanajuato,León de los Aldama,Urbano
37545,Valle Dorado,Colonia,León,Guanajuato,León de los Aldama,Urbano
37545,Valle del Maguey,Colonia,León,Guanajuato,León de los Aldama,Urbano
37545,Valle de San Nicolás,Colonia,León,Guanajuato,León de los Aldama,Urbano
37545,Mezquital 2000,Colonia,León,Guanajuato,León de los Aldama,Urbano
37545,Valle del Real,Colonia,León,Guanajuato,León de los Aldama,Urbano
37545,Residencial Camelinas,Fraccionamiento,León,Guanajuato,León de los Aldama,Urbano
37545,Valle de las Haciendas,Colonia,León,Guanajuato,León de los Aldama,Urbano
37545,Azul Maguey,Fraccionamiento,León,Guanajuato,León de los Aldama,Urbano
37545,Valle de San Javier,Fraccionamiento,León,Guanajuato,León de los Aldama,Urbano
37545,Valle de Los Pinos,Fraccionamiento,León,Guanajuato,León de los Aldama,Rural
37545,San Juan Bautista,Colonia,León,Guanajuato,León de los Aldama,Urbano
37547,Villas de Barceló,Fraccionamiento,León,Guanajuato,León de los Aldama,Urbano
37547,Loreto Residencial,Fraccionamiento,León,Guanajuato,León de los Aldama,Urbano
37547,Puerta San Carlos,Fraccionamiento,León,Guanajuato,León de los Aldama,Urbano
37547,El Mayorazgo Residencial,Fraccionamiento,León,Guanajuato,León de los Aldama,Urbano
37547,Ribera de Barceló,Fraccionamiento,León,Guanajuato,León de los Aldama,Urbano
37547,Villas Altaria,Fraccionamiento,León,Guanajuato,León de los Aldama,Urbano
37547,Alamedas de Barceló,Fraccionamiento,León,Guanajuato,León de los Aldama,Urbano
37547,Capellanía,Fraccionamiento,León,Guanajuato,León de los Aldama,Urbano
37547,Marbella,Fraccionamiento,León,Guanajuato,León de los Aldama,Urbano
37547,Los Agaves,Fraccionamiento,León,Guanajuato,León de los Aldama,Urbano
37547,Campestre el Trébol,Fraccionamiento,León,Guanajuato,León de los Aldama,Urbano
37547,Montolivo,Fraccionamiento,León,Guanajuato,León de los Aldama,Urbano
37547,Hacienda de Alba,Fraccionamiento,León,Guanajuato,León de los Aldama,Urbano
37547,Marbella II,Fraccionamiento,León,Guanajuato,León de los Aldama,Urbano
37547,Lomas de San Carlos,Colonia,León,Guanajuato,León de los Aldama,Urbano
37547,La Rosa Amarilla,Colonia,León,Guanajuato,León de los Aldama,Urbano
37547,Sacromonte,Fraccionamiento,León,Guanajuato,León de los Aldama,Urbano
37547,Valle de las Aves,Colonia,León,Guanajuato,León de los Aldama,Urbano
37547,Valle Azul,Colonia,León,Guanajuato,León de los Aldama,Urbano
37547,Villas de Barceló II,Fraccionamiento,León,Guanajuato,León de los Aldama,Urbano
37547,Villas de Barceló III,Fraccionamiento,León,Guanajuato,León de los Aldama,Urbano
37547,Lucerna Residencial,Fraccionamiento,León,Guanajuato,León de los Aldama,Urbano
37547,Villas del Jazmín,Colonia,León,Guanajuato,León de los Aldama,Urbano
37547,Los Encinos,Colonia,León,Guanajuato,León de los Aldama,Urbano
37547,Villas del Paraíso,Colonia,León,Guanajuato,León de los Aldama,Urbano
37547,Anzures,Colonia,León,Guanajuato,León de los Aldama,Urbano
37547,Anzures Dos,Colonia,León,Guanajuato,León de los Aldama,Urbano
37547,Arzua,Fraccionamiento,León,Guanajuato,León de los Aldama,Urbano
37547,El Álamo,Fraccionamiento,León,Guanajuato,León de los Aldama,Urbano
37547,Santa Cruz,Colonia,León,Guanajuato,León de los Aldama,Rural
37547,Valle de La Hacienda,Colonia,León,Guanajuato,León de los Aldama,Rural
37547,Santa Gertrudis,Colonia,León,Guanajuato,León de los Aldama,Urbano
37547,Campestre San José,Fraccionamiento,León,Guanajuato,León de los Aldama,Urbano
37547,El Trébol,Colonia,León,Guanajuato,León de los Aldama,Urbano
37547,Valle de San Carlos,Colonia,León,Guanajuato,León de los Aldama,Urbano
37548,Jardines de Andalucía,Fraccionamiento,León,Guanajuato,León de los Aldama,Urbano
37548,Jardines del Río,Fraccionamiento,León,Guanajuato,León de los Aldama,Urbano
37548,Luz del Refugio,Fraccionamiento,León,Guanajuato,León de los Aldama,Urbano
37548,Arboleda del Refugio,Colonia,León,Guanajuato,León de los Aldama,Urbano
37548,Libertad,Colonia,León,Guanajuato,León de los Aldama,Urbano
37548,Popular Guadalajara,Colonia,León,Guanajuato,León de los Aldama,Urbano
37548,Nuevo Milenio,Colonia,León,Guanajuato,León de los Aldama,Urbano
37548,Refugio de San José,Colonia,León,Guanajuato,León de los Aldama,Urbano
37548,Foresta Jardín,Fraccionamiento,León,Guanajuato,León de los Aldama,Urbano
37548,Hacienda San José,Fraccionamiento,León,Guanajuato,León de los Aldama,Urbano
37548,Villa Sur,Fraccionamiento,León,Guanajuato,León de los Aldama,Urbano
37549,Villa de Cirella,Colonia,León,Guanajuato,León de los Aldama,Urbano
37549,Arboleda San Hilarión,Colonia,León,Guanajuato,León de los Aldama,Urbano
37549,10 de Mayo,Fraccionamiento,León,Guanajuato,León de los Aldama,Urbano
37549,La Gloria,Colonia,León,Guanajuato,León de los Aldama,Urbano
37549,María de La Luz,Colonia,León,Guanajuato,León de los Aldama,Urbano
37549,Negrete,Colonia,León,Guanajuato,León de los Aldama,Rural
37549,Popular Polanco,Colonia,León,Guanajuato,León de los Aldama,Urbano
37549,Unión Obrera,Colonia,León,Guanajuato,León de los Aldama,Urbano
37549,Valle de San José,Colonia,León,Guanajuato,León de los Aldama,Urbano
37549,Xoconoxtle,Colonia,León,Guanajuato,León de los Aldama,Urbano
37549,Delta 2000,Colonia,León,Guanajuato,León de los Aldama,Urbano
37549,Paseos de La Castellana,Colonia,León,Guanajuato,León de los Aldama,Urbano
37549,Villas Santa Teresita,Colonia,León,Guanajuato,León de los Aldama,Urbano
37549,Real Delta,Fraccionamiento,León,Guanajuato,León de los Aldama,Urbano
37550,San Alfonso,Colonia,León,Guanajuato,León de los Aldama,Urbano
37550,Bosques de San Andrés,Fraccionamiento,León,Guanajuato,León de los Aldama,Urbano
37550,El Granjeno,Colonia,León,Guanajuato,León de los Aldama,Urbano
37550,Fracción del Granjeno,Colonia,León,Guanajuato,León de los Aldama,Urbano
37550,María Dolores,Colonia,León,Guanajuato,León de los Aldama,Urbano
37550,Sur El Granjeno,Colonia,León,Guanajuato,León de los Aldama,Urbano
37550,Bosques Reales,Colonia,León,Guanajuato,León de los Aldama,Urbano
37550,Sur Cementos,Colonia,León,Guanajuato,León de los Aldama,Urbano
37550,Bosques del Sur,Fraccionamiento,León,Guanajuato,León de los Aldama,Urbano
37550,Villas Jacarandas,Fraccionamiento,León,Guanajuato,León de los Aldama,Urbano
37550,Cumbres de la Pradera,Fraccionamiento,León,Guanajuato,León de los Aldama,Urbano
37555,San José de Cementos,Colonia,León,Guanajuato,León de los Aldama,Urbano
37555,Praderas del Bosque,Fraccionamiento,León,Guanajuato,León de los Aldama,Urbano
37555,Bosques de La Pradera,Colonia,León,Guanajuato,León de los Aldama,Urbano
37557,Las Sendas,Fraccionamiento,León,Guanajuato,León de los Aldama,Urbano
37557,Santo Domingo,Fraccionamiento,León,Guanajuato,León de los Aldama,Urbano
37557,Rivera del Río,Colonia,León,Guanajuato,León de los Aldama,Urbano
37557,Valle del Sur,Colonia,León,Guanajuato,León de los Aldama,Urbano
37557,Nte. Santa María de Cementos,Colonia,León,Guanajuato,León de los Aldama,Urbano
37557,Santo Domingo,Colonia,León,Guanajuato,León de los Aldama,Urbano
37557,Caudal del Río,Fraccionamiento,León,Guanajuato,León de los Aldama,Urbano
37560,Parque Industrial Stiva León,Zona industrial,León,Guanajuato,León de los Aldama,Urbano
37560,Santa María de Cementos,Colonia,León,Guanajuato,León de los Aldama,Urbano
37560,Cementos,Colonia,León,Guanajuato,León de los Aldama,Urbano
37564,Fracciones de los Arcos,Colonia,León,Guanajuato,León de los Aldama,Urbano
37564,Ciudad Industrial,Zona industrial,León,Guanajuato,León de los Aldama,Urbano
37564,Centro de Prevención Social,Colonia,León,Guanajuato,León de los Aldama,Urbano
37564,Condominio Industrial León,Colonia,León,Guanajuato,León de los Aldama,Urbano
37564,Santa Ana AC,Fraccionamiento,León,Guanajuato,León de los Aldama,Urbano
37566,Fracciones de Santa Lucía,Colonia,León,Guanajuato,León de los Aldama,Urbano
37570,Conjunto habitacional Cedros,Fraccionamiento,León,Guanajuato,León de los Aldama,Urbano
37570,Parques del Sur V,Colonia,León,Guanajuato,León de los Aldama,Urbano
37570,Torres del Sur,Condominio,León,Guanajuato,León de los Aldama,Urbano
37570,Conjunto Habitacional Laureles,Fraccionamiento,León,Guanajuato,León de los Aldama,Urbano
37570,Conjunto Habitacional Tulias,Fraccionamiento,León,Guanajuato,León de los Aldama,Urbano
37570,El Guajito,Colonia,León,Guanajuato,León de los Aldama,Urbano
37570,Jesús de Nazaret,Colonia,León,Guanajuato,León de los Aldama,Urbano
37570,La Moreña,Colonia,León,Guanajuato,León de los Aldama,Urbano
37570,Villas de León,Colonia,León,Guanajuato,León de los Aldama,Urbano
37570,Granjeno Plus (IVEG),Colonia,León,Guanajuato,León de los Aldama,Urbano
37570,Parque La Noria,Colonia,León,Guanajuato,León de los Aldama,Urbano
37590,El Dorado,Fraccionamiento,León,Guanajuato,León de los Aldama,Urbano
37590,El Dorado II,Fraccionamiento,León,Guanajuato,León de los Aldama,Urbano
37590,Fracciones del Alto,Colonia,León,Guanajuato,León de los Aldama,Urbano
37650,El Derramadero,Ranchería,León,Guanajuato,,Rural
37650,Vaquerías,Pueblo,León,Guanajuato,,Rural
37653,San José de Otates Sur (Piedras de Coche),Ranchería,León,Guanajuato,,Rural
37654,Canelas,Ranchería,León,Guanajuato,,Rural
37654,Nuevo Valle de Moreno,Pueblo,León,Guanajuato,,Rural
37655,Sauz Seco,Ranchería,León,Guanajuato,,Rural
37655,La Joya (Cerro Gigante),Ranchería,León,Guanajuato,,Rural
37655,Los Alisos,Ranchería,León,Guanajuato,,Rural
37660,Parque Industrial San Pedro,Zona industrial,León,Guanajuato,,Rural
37660,Valle de las Flores,Colonia,León,Guanajuato,,Urbano
37660,Nuevo Progreso,Colonia,León,Guanajuato,,Urbano
37660,Rinconada la Esmeralda,Colonia,León,Guanajuato,,Urbano
37660,Ampliación Latinoamericana,Colonia,León,Guanajuato,,Urbano
37660,San Isidro (La Virgencita),Colonia,León,Guanajuato,,Urbano
37660,El Bajío (Emeterio Aguirre),Colonia,León,Guanajuato,,Urbano
37660,San Pedro del Monte (La Huizachera),Colonia,León,Guanajuato,,Rural
37660,San Judas,Colonia,León,Guanajuato,,Rural
37660,Rústico San Pedro,Colonia,León,Guanajuato,,Rural
37660,Latinoamericana,Colonia,León,Guanajuato,,Rural
37660,La Esmeralda,Colonia,León,Guanajuato,,Rural
37660,San Isidro de las Colonias,Colonia,León,Guanajuato,,Rural
37660,El Puente,Colonia,León,Guanajuato,,Rural
37664,Rancho Nuevo de la Venta,Colonia,León,Guanajuato,,Rural
37664,La Soledad,Colonia,León,Guanajuato,,Rural
37664,La Laguna,Colonia,León,Guanajuato,,Rural
37664,Rincones de la Mora,Ranchería,León,Guanajuato,,Rural
37664,Puerta del Cerro,Colonia,León,Guanajuato,,Rural
37664,La Mora Alta,Ranchería,León,Guanajuato,,Rural
37664,La Venta,Colonia,León,Guanajuato,,Rural
37664,El Nacimiento,Colonia,León,Guanajuato,,Rural
37664,La Mora,Colonia,León,Guanajuato,,Rural
37664,La Loma,Fraccionamiento,León,Guanajuato,,Rural
37665,Piedra Blanca,Colonia,León,Guanajuato,,Rural
37665,La Cañada,Colonia,León,Guanajuato,,Urbano
37665,La Reserva,Colonia,León,Guanajuato,,Rural
37666,Plan de Ayala (Santa Rosa),Colonia,León,Guanajuato,,Rural
37667,Rancho San José de los Sapos,Pueblo,León,Guanajuato,,Rural
37667,Lomas de los Sapos,Colonia,León,Guanajuato,,Rural
37667,La Nueva Estancia (La Floreña),Colonia,León,Guanajuato,,Rural
37667,Las Tablas de Santa Rosa (Ignacio González),Colonia,León,Guanajuato,,Rural
37667,La Floresta,Colonia,León,Guanajuato,,Rural
37667,Estancia de los Sapos,Ejido,León,Guanajuato,,Rural
37667,San José de los Sapos (Santa Elena),Rancho,León,Guanajuato,,Rural
37667,Estancia de Vaqueros,Ranchería,León,Guanajuato,,Rural
37667,Malagana (San Antonio del Monte),Colonia,León,Guanajuato,,Rural
37667,Puerta de San Germán (Morelos),Colonia,León,Guanajuato,,Rural
37667,El Ramillete,Colonia,León,Guanajuato,,Rural
37668,El Progreso,Ranchería,León,Guanajuato,,Rural
37668,Parque Industrial Colinas de León,Zona industrial,León,Guanajuato,,Rural
37668,Corral de Piedra,Colonia,León,Guanajuato,,Rural
37668,Candora,Fraccionamiento,León,Guanajuato,,Rural
37668,Refugio de Rosas,Ranchería,León,Guanajuato,,Rural
37669,UrbiVilla del Roble,Fraccionamiento,León,Guanajuato,,Urbano
37669,La Querencia,Fraccionamiento,León,Guanajuato,,Urbano
37669,Portón del Valle,Fraccionamiento,León,Guanajuato,,Urbano
37669,Katania,Fraccionamiento,León,Guanajuato,,Urbano
37669,Brisas del Campestre,Fraccionamiento,León,Guanajuato,,Urbano
37669,Cordillera,Fraccionamiento,León,Guanajuato,,Urbano
37669,Hacienda Valbuena,Fraccionamiento,León,Guanajuato,,Urbano
37669,El Cielo Residencial,Fraccionamiento,León,Guanajuato,,Urbano
37669,Canah,Fraccionamiento,León,Guanajuato,,Urbano
37669,Los Laureles,Fraccionamiento,León,Guanajuato,,Urbano
37669,El Pato (Loma del Laurel),Fraccionamiento,León,Guanajuato,,Urbano
37669,Buenaventura,Fraccionamiento,León,Guanajuato,,Urbano
37669,Arras Residencial,Fraccionamiento,León,Guanajuato,,Urbano
37669,Rancho Seco,Colonia,León,Guanajuato,,Urbano
37669,Cataluña,Fraccionamiento,León,Guanajuato,,Urbano
37669,Predio Rancho Viejo,Colonia,León,Guanajuato,,Urbano
37669,Lugano,Fraccionamiento,León,Guanajuato,,Urbano
37669,Interlomas I,Fraccionamiento,León,Guanajuato,,Urbano
37669,Portavedra,Fraccionamiento,León,Guanajuato,,Urbano
37669,Portavedra II,Fraccionamiento,León,Guanajuato,,Urbano
37669,Torrento,Fraccionamiento,León,Guanajuato,,Urbano
37669,Grand Valbuena,Condominio,León,Guanajuato,,Urbano
37669,Interlomas II,Fraccionamiento,León,Guanajuato,,Urbano
37669,Interlomas III,Fraccionamiento,León,Guanajuato,,Urbano
37669,Tossá,Fraccionamiento,León,Guanajuato,,Urbano
37669,La Zabaleta,Condominio,León,Guanajuato,,Urbano
37669,Lagunillas,Colonia,León,Guanajuato,,Rural
37669,Paseos de las Torres,Fraccionamiento,León,Guanajuato,,Rural
37669,La Foresta,Fraccionamiento,León,Guanajuato,,Urbano
37670,La Falda del Picacho (El Arroyo de la Mora),Ranchería,León,Guanajuato,,Rural
37670,Las Delgadas Cinco (Ejido Duarte),Colonia,León,Guanajuato,,Rural
37670,La Cantera (Ejido Duarte),Ranchería,León,Guanajuato,,Rural
37670,El Alto de las Carreras,Colonia,León,Guanajuato,,Rural
37670,Puerta del Sol,Fraccionamiento,León,Guanajuato,,Urbano
37670,La Providencia,Colonia,León,Guanajuato,,Urbano
37670,Duarte,Pueblo,León,Guanajuato,,Rural
37670,La Laborcita,Ejido,León,Guanajuato,,Rural
37670,Lucio Blanco (Los Gavilanes),Ejido,León,Guanajuato,,Rural
37670,San Juan de Otates,Ejido,León,Guanajuato,,Rural
37673,Las Coloradas,Ranchería,León,Guanajuato,,Rural
37673,Cuesta Blanca,Ranchería,León,Guanajuato,,Rural
37674,La Cieneguita,Colonia,León,Guanajuato,,Rural
37674,Campestre Primavera,Fraccionamiento,León,Guanajuato,,Rural
37674,Campo Verde,Ranchería,León,Guanajuato,,Rural
37675,Mesa de Medina,Ranchería,León,Guanajuato,,Rural
37676,Ojo de Agua de los Reyes,Ranchería,León,Guanajuato,,Rural
37676,Los Naranjos,Ranchería,León,Guanajuato,,Rural
37677,Ibarrilla,Colonia,León,Guanajuato,,Urbano
37680,Lomas de la Loza,Colonia,León,Guanajuato,,Urbano
37680,Arona,Fraccionamiento,León,Guanajuato,,Urbano
37680,La Manga,Colonia,León,Guanajuato,,Rural
37680,Álvaro Obregón (Santa Ana del Conde),Pueblo,León,Guanajuato,,Rural
37680,Los López,Colonia,León,Guanajuato,,Rural
37680,Loza de los Padres,Pueblo,León,Guanajuato,,Rural
37680,Montebello,Fraccionamiento,León,Guanajuato,,Rural
37680,Sur de los López,Colonia,León,Guanajuato,,Rural
37680,Valle del Gigante,Fraccionamiento,León,Guanajuato,,Rural
37680,Ladrilleras del Refugio,Colonia,León,Guanajuato,,Rural
37683,Nápoles,Colonia,León,Guanajuato,,Rural
37683,Ignacio Zaragoza,Ejido,León,Guanajuato,,Rural
37683,San José de los Romeros,Ranchería,León,Guanajuato,,Rural
37683,Albarradones,Pueblo,León,Guanajuato,,Rural
37683,La Luz (El Copete),Ranchería,León,Guanajuato,,Rural
37683,Lomas de Comanjilla,Fraccionamiento,León,Guanajuato,,Rural
37683,De los Sauces,Colonia,León,Guanajuato,,Rural
37683,Los Olivos (El Nuevo Paraíso),Colonia,León,Guanajuato,,Rural
37683,Los Álamos (Rincón de Patiño),Colonia,León,Guanajuato,,Rural
37683,Peñuelas,Colonia,León,Guanajuato,,Rural
37683,San Manuel,Fraccionamiento,León,Guanajuato,,Rural
37683,Cipreses,Colonia,León,Guanajuato,,Rural
37683,Los Jacales (La Loma),Fraccionamiento,León,Guanajuato,,Rural
37683,Valle de Aránzazu,Colonia,León,Guanajuato,,Rural
37683,Los Sauces,Colonia,León,Guanajuato,,Rural
37683,Lomas del Suspiro,Colonia,León,Guanajuato,,Rural
37683,Granjas Económicas,Colonia,León,Guanajuato,,Rural
37683,Las Palomas,Colonia,León,Guanajuato,,Rural
37683,Loma de los Sauces,Colonia,León,Guanajuato,,Rural
37683,San Isidro de los Sauces,Colonia,León,Guanajuato,,Rural
37683,Campestre Rústico los Sauces,Colonia,León,Guanajuato,,Rural
37684,San Juan de Abajo,Colonia,León,Guanajuato,,Rural
37685,Guadalupe Victoria,Colonia,León,Guanajuato,,Rural
37685,Parque Industrial León-Bajío,Zona industrial,León,Guanajuato,,Rural
37685,Bajío de Bolas Blancas,Colonia,León,Guanajuato,,Rural
37685,San Rafael de los Ramírez,Colonia,León,Guanajuato,,Rural
37685,La Asturiana,Fraccionamiento,León,Guanajuato,,Rural
37685,El Tajo (Carlos Muñoz Horta),Colonia,León,Guanajuato,,Rural
37685,Capellanía de Loera,Colonia,León,Guanajuato,,Rural
37685,Estación Trinidad,Colonia,León,Guanajuato,,Rural
37685,Arboledas de los López Primera Sección,Colonia,León,Guanajuato,,Rural
37685,San José del Clavel,Colonia,León,Guanajuato,,Rural
37685,El Cuije,Ranchería,León,Guanajuato,,Rural
37685,El Resplandor (El Chorro),Colonia,León,Guanajuato,,Rural
37685,La Huaracha,Colonia,León,Guanajuato,,Urbano
37685,Granja San Rafael,Ranchería,León,Guanajuato,,Rural
37685,Nueva Colonia San Carlos,Colonia,León,Guanajuato,,Urbano
37686,Agavera Miguel Hidalgo,Rancho,León,Guanajuato,,Rural
37686,San Jerónimo,Ranchería,León,Guanajuato,,Rural
37687,Valle de Santa Rita,Fraccionamiento,León,Guanajuato,,Rural
37687,Miguel Hidalgo Dos (El Bordo),Colonia,León,Guanajuato,,Rural
37687,La Cinta,Colonia,León,Guanajuato,,Rural
37687,El Tope de la Sandía,Colonia,León,Guanajuato,,Rural
37687,Los Vallejo,Colonia,León,Guanajuato,,Rural
37687,El Terrero,Colonia,León,Guanajuato,,Rural
37687,San Pablo del Monte (El Rayo),Ranchería,León,Guanajuato,,Rural
37687,Barretos,Ejido,León,Guanajuato,,Rural
37687,Rancho Nuevo del Maguey,Ejido,León,Guanajuato,,Rural
37687,La Sardina,Colonia,León,Guanajuato,,Rural
37687,Plan Guanajuato (La Sandía),Ejido,León,Guanajuato,,Rural
37687,Nuevo Lindero,Ejido,León,Guanajuato,,Rural
37687,Rancho Nuevo de La Luz,Colonia,León,Guanajuato,,Rural
37687,La Arcina,Ejido,León,Guanajuato,,Rural
37687,La Estancia de la Sandía,Ejido,León,Guanajuato,,Rural
37688,San Francisco de Durán (San Agustín del Mirasol),Pueblo,León,Guanajuato,,Rural
37688,San José del Resplandor (El Capricho),Ejido,León,Guanajuato,,Rural
37688,San José del Consuelo (La Envidia),Ejido,León,Guanajuato,,Rural
37688,El CERESO,Equipamiento,León,Guanajuato,,Rural
37688,Valle Nuevo,Colonia,León,Guanajuato,,Rural
37688,La Correa (San Antonio del Monte),Colonia,León,Guanajuato,,Rural
37688,El Ratón,Colonia,León,Guanajuato,,Rural
37688,Los Ramírez,Pueblo,León,Guanajuato,,Rural
37688,Granja las Palomas,Rancho,León,Guanajuato,,Rural
37689,Ampliación Providencia,Colonia,León,Guanajuato,,Rural
37689,San José de Barrón (El Cachete),Colonia,León,Guanajuato,,Rural
37689,San José de Zertuche Dos,Ranchería,León,Guanajuato,,Rural
37689,San Vicente,Colonia,León,Guanajuato,,Rural
37689,Providencia,Colonia,León,Guanajuato,,Rural
37689,Los Valtierra,Colonia,León,Guanajuato,,Rural
37689,Parque Sur Industrial León El Saucillo,Zona industrial,León,Guanajuato,,Rural
37689,Fracción San José de Zertuche,Ranchería,León,Guanajuato,,Rural
37689,Valle de San Juan,Colonia,León,Guanajuato,,Rural
37689,Villas del Rosario,Colonia,León,Guanajuato,,Urbano
37689,San José de Durán (Los Troncoso),Colonia,León,Guanajuato,,Rural
37689,Providencia,Fraccionamiento,León,Guanajuato,,Rural
37689,Los Arcos,Ejido,León,Guanajuato,,Rural
37689,Providencia Uno,Colonia,León,Guanajuato,,Rural
37689,Maguro A.C.,Colonia,León,Guanajuato,,Urbano
37689,San Antonio de los Tepetates,Colonia,León,Guanajuato,,Rural
37689,Capellanía de San Sebastián,Rancho,León,Guanajuato,,Rural
37689,Noria de Septién (San José de San Juan),Colonia,León,Guanajuato,,Urbano
37689,Las Cinco Llagas,Colonia,León,Guanajuato,,Rural
37689,Rancho los González,Ranchería,León,Guanajuato,,Rural
37690,La Campiña del Bosque,Fraccionamiento,León,Guanajuato,,Rural
37690,Cuatro Estaciones,Fraccionamiento,León,Guanajuato,,Rural
37690,Terralta,Condominio,León,Guanajuato,,Urbano
37690,Loma Griega,Fraccionamiento,León,Guanajuato,,Rural
37690,El Pino (Potrero de la Caja),Ranchería,León,Guanajuato,,Rural
37693,La Valenciana,Fraccionamiento,León,Guanajuato,,Urbano
37693,Rincón Imperial,Fraccionamiento,León,Guanajuato,,Urbano
37696,San Antonio de Padua,Ranchería,León,Guanajuato,,Rural
37696,Las Ladrilleras,Colonia,León,Guanajuato,,Rural
37696,Campestre el Rodeo (Lomas del Rodeo),Ranchería,León,Guanajuato,,Rural
37696,La Angostura,Ranchería,León,Guanajuato,,Rural
37696,Hacienda Arriba (San José de la Concepción),Pueblo,León,Guanajuato,,Rural
37696,La Patiña,Ranchería,León,Guanajuato,,Urbano
37696,Toronjas,Ranchería,León,Guanajuato,,Urbano
37697,Mesa de Ibarrilla,Ranchería,León,Guanajuato,,Rural
37697,Saucillo de Ávalos,Ranchería,León,Guanajuato,,Rural
37697,Buenos Aires,Ranchería,León,Guanajuato,,Urbano
37697,La Jaraleña,Ranchería,León,Guanajuato,,Urbano
37697,Media Luna,Ranchería,León,Guanajuato,,Rural
37697,El Huizache,Ranchería,León,Guanajuato,,Urbano
37698,El Sauco,Ranchería,León,Guanajuato,,Rural
37698,Cerro Alto,Ranchería,León,Guanajuato,,Rural
37698,El Capulín,Ranchería,León,Guanajuato,,Rural
37698,Barbosa Dos (El Canelo),Ranchería,León,Guanajuato,,Rural
